date,chokepoint_name,cargo_type,transits
2025-03-11,Strait of Hormuz,tanker,44
2025-03-11,Strait of Hormuz,dry_bulk,15
2025-03-11,Strait of Hormuz,container,11
2025-03-11,Strait of Hormuz,gas,9
2025-03-11,Strait of Hormuz,general_cargo,5
2025-03-11,Strait of Hormuz,ro_ro,2
2025-03-12,Strait of Hormuz,tanker,44
2025-03-12,Strait of Hormuz,dry_bulk,16
2025-03-12,Strait of Hormuz,container,11
2025-03-12,Strait of Hormuz,gas,8
2025-03-12,Strait of Hormuz,general_cargo,7
2025-03-12,Strait of Hormuz,ro_ro,2
2025-03-13,Strait of Hormuz,tanker,43
2025-03-13,Strait of Hormuz,dry_bulk,18
2025-03-13,Strait of Hormuz,container,11
2025-03-13,Strait of Hormuz,gas,8
2025-03-13,Strait of Hormuz,general_cargo,7
2025-03-13,Strait of Hormuz,ro_ro,2
2025-03-14,Strait of Hormuz,tanker,46
2025-03-14,Strait of Hormuz,dry_bulk,16
2025-03-14,Strait of Hormuz,container,11
2025-03-14,Strait of Hormuz,gas,8
2025-03-14,Strait of Hormuz,general_cargo,7
2025-03-14,Strait of Hormuz,ro_ro,2
2025-03-15,Strait of Hormuz,tanker,39
2025-03-15,Strait of Hormuz,dry_bulk,15
2025-03-15,Strait of Hormuz,container,11
2025-03-15,Strait of Hormuz,gas,8
2025-03-15,Strait of Hormuz,general_cargo,6
2025-03-15,Strait of Hormuz,ro_ro,2
2025-03-16,Strait of Hormuz,tanker,49
2025-03-16,Strait of Hormuz,dry_bulk,15
2025-03-16,Strait of Hormuz,container,10
2025-03-16,Strait of Hormuz,gas,8
2025-03-16,Strait of Hormuz,general_cargo,6
2025-03-16,Strait of Hormuz,ro_ro,2
2025-03-17,Strait of Hormuz,tanker,43
2025-03-17,Strait of Hormuz,dry_bulk,15
2025-03-17,Strait of Hormuz,container,10
2025-03-17,Strait of Hormuz,gas,9
2025-03-17,Strait of Hormuz,general_cargo,7
2025-03-17,Strait of Hormuz,ro_ro,2
2025-03-18,Strait of Hormuz,tanker,41
2025-03-18,Strait of Hormuz,dry_bulk,17
2025-03-18,Strait of Hormuz,container,11
2025-03-18,Strait of Hormuz,gas,9
2025-03-18,Strait of Hormuz,general_cargo,7
2025-03-18,Strait of Hormuz,ro_ro,2
2025-03-19,Strait of Hormuz,tanker,46
2025-03-19,Strait of Hormuz,dry_bulk,16
2025-03-19,Strait of Hormuz,container,11
2025-03-19,Strait of Hormuz,gas,9
2025-03-19,Strait of Hormuz,general_cargo,6
2025-03-19,Strait of Hormuz,ro_ro,2
2025-03-20,Strait of Hormuz,tanker,41
2025-03-20,Strait of Hormuz,dry_bulk,15
2025-03-20,Strait of Hormuz,container,11
2025-03-20,Strait of Hormuz,gas,10
2025-03-20,Strait of Hormuz,general_cargo,6
2025-03-20,Strait of Hormuz,ro_ro,2
2025-03-21,Strait of Hormuz,tanker,37
2025-03-21,Strait of Hormuz,dry_bulk,16
2025-03-21,Strait of Hormuz,container,11
2025-03-21,Strait of Hormuz,gas,9
2025-03-21,Strait of Hormuz,general_cargo,7
2025-03-21,Strait of Hormuz,ro_ro,2
2025-03-22,Strait of Hormuz,tanker,40
2025-03-22,Strait of Hormuz,dry_bulk,15
2025-03-22,Strait of Hormuz,container,11
2025-03-22,Strait of Hormuz,gas,8
2025-03-22,Strait of Hormuz,general_cargo,5
2025-03-22,Strait of Hormuz,ro_ro,2
2025-03-23,Strait of Hormuz,tanker,38
2025-03-23,Strait of Hormuz,dry_bulk,16
2025-03-23,Strait of Hormuz,container,10
2025-03-23,Strait of Hormuz,gas,9
2025-03-23,Strait of Hormuz,general_cargo,6
2025-03-23,Strait of Hormuz,ro_ro,2
2025-03-24,Strait of Hormuz,tanker,46
2025-03-24,Strait of Hormuz,dry_bulk,16
2025-03-24,Strait of Hormuz,container,11
2025-03-24,Strait of Hormuz,gas,8
2025-03-24,Strait of Hormuz,general_cargo,6
2025-03-24,Strait of Hormuz,ro_ro,2
2025-03-25,Strait of Hormuz,tanker,39
2025-03-25,Strait of Hormuz,dry_bulk,17
2025-03-25,Strait of Hormuz,container,10
2025-03-25,Strait of Hormuz,gas,9
2025-03-25,Strait of Hormuz,general_cargo,7
2025-03-25,Strait of Hormuz,ro_ro,2
2025-03-26,Strait of Hormuz,tanker,46
2025-03-26,Strait of Hormuz,dry_bulk,16
2025-03-26,Strait of Hormuz,container,10
2025-03-26,Strait of Hormuz,gas,9
2025-03-26,Strait of Hormuz,general_cargo,5
2025-03-26,Strait of Hormuz,ro_ro,2
2025-03-27,Strait of Hormuz,tanker,38
2025-03-27,Strait of Hormuz,dry_bulk,15
2025-03-27,Strait of Hormuz,container,11
2025-03-27,Strait of Hormuz,gas,8
2025-03-27,Strait of Hormuz,general_cargo,6
2025-03-27,Strait of Hormuz,ro_ro,2
2025-03-28,Strait of Hormuz,tanker,42
2025-03-28,Strait of Hormuz,dry_bulk,17
2025-03-28,Strait of Hormuz,container,10
2025-03-28,Strait of Hormuz,gas,8
2025-03-28,Strait of Hormuz,general_cargo,6
2025-03-28,Strait of Hormuz,ro_ro,2
2025-03-29,Strait of Hormuz,tanker,44
2025-03-29,Strait of Hormuz,dry_bulk,13
2025-03-29,Strait of Hormuz,container,11
2025-03-29,Strait of Hormuz,gas,8
2025-03-29,Strait of Hormuz,general_cargo,6
2025-03-29,Strait of Hormuz,ro_ro,2
2025-03-30,Strait of Hormuz,tanker,41
2025-03-30,Strait of Hormuz,dry_bulk,15
2025-03-30,Strait of Hormuz,container,10
2025-03-30,Strait of Hormuz,gas,8
2025-03-30,Strait of Hormuz,general_cargo,7
2025-03-30,Strait of Hormuz,ro_ro,2
2025-03-31,Strait of Hormuz,tanker,39
2025-03-31,Strait of Hormuz,dry_bulk,16
2025-03-31,Strait of Hormuz,container,11
2025-03-31,Strait of Hormuz,gas,10
2025-03-31,Strait of Hormuz,general_cargo,7
2025-03-31,Strait of Hormuz,ro_ro,2
2025-04-01,Strait of Hormuz,tanker,49
2025-04-01,Strait of Hormuz,dry_bulk,14
2025-04-01,Strait of Hormuz,container,10
2025-04-01,Strait of Hormuz,gas,8
2025-04-01,Strait of Hormuz,general_cargo,6
2025-04-01,Strait of Hormuz,ro_ro,2
2025-04-02,Strait of Hormuz,tanker,46
2025-04-02,Strait of Hormuz,dry_bulk,16
2025-04-02,Strait of Hormuz,container,9
2025-04-02,Strait of Hormuz,gas,8
2025-04-02,Strait of Hormuz,general_cargo,7
2025-04-02,Strait of Hormuz,ro_ro,2
2025-04-03,Strait of Hormuz,tanker,51
2025-04-03,Strait of Hormuz,dry_bulk,20
2025-04-03,Strait of Hormuz,container,11
2025-04-03,Strait of Hormuz,gas,8
2025-04-03,Strait of Hormuz,general_cargo,5
2025-04-03,Strait of Hormuz,ro_ro,2
2025-04-04,Strait of Hormuz,tanker,40
2025-04-04,Strait of Hormuz,dry_bulk,16
2025-04-04,Strait of Hormuz,container,10
2025-04-04,Strait of Hormuz,gas,9
2025-04-04,Strait of Hormuz,general_cargo,7
2025-04-04,Strait of Hormuz,ro_ro,2
2025-04-05,Strait of Hormuz,tanker,40
2025-04-05,Strait of Hormuz,dry_bulk,14
2025-04-05,Strait of Hormuz,container,9
2025-04-05,Strait of Hormuz,gas,8
2025-04-05,Strait of Hormuz,general_cargo,6
2025-04-05,Strait of Hormuz,ro_ro,2
2025-04-06,Strait of Hormuz,tanker,42
2025-04-06,Strait of Hormuz,dry_bulk,17
2025-04-06,Strait of Hormuz,container,10
2025-04-06,Strait of Hormuz,gas,7
2025-04-06,Strait of Hormuz,general_cargo,6
2025-04-06,Strait of Hormuz,ro_ro,2
2025-04-07,Strait of Hormuz,tanker,51
2025-04-07,Strait of Hormuz,dry_bulk,15
2025-04-07,Strait of Hormuz,container,12
2025-04-07,Strait of Hormuz,gas,8
2025-04-07,Strait of Hormuz,general_cargo,7
2025-04-07,Strait of Hormuz,ro_ro,2
2025-04-08,Strait of Hormuz,tanker,43
2025-04-08,Strait of Hormuz,dry_bulk,16
2025-04-08,Strait of Hormuz,container,10
2025-04-08,Strait of Hormuz,gas,9
2025-04-08,Strait of Hormuz,general_cargo,6
2025-04-08,Strait of Hormuz,ro_ro,2
2025-04-09,Strait of Hormuz,tanker,38
2025-04-09,Strait of Hormuz,dry_bulk,16
2025-04-09,Strait of Hormuz,container,12
2025-04-09,Strait of Hormuz,gas,9
2025-04-09,Strait of Hormuz,general_cargo,6
2025-04-09,Strait of Hormuz,ro_ro,2
2025-04-10,Strait of Hormuz,tanker,48
2025-04-10,Strait of Hormuz,dry_bulk,17
2025-04-10,Strait of Hormuz,container,10
2025-04-10,Strait of Hormuz,gas,9
2025-04-10,Strait of Hormuz,general_cargo,7
2025-04-10,Strait of Hormuz,ro_ro,2
2025-04-11,Strait of Hormuz,tanker,44
2025-04-11,Strait of Hormuz,dry_bulk,14
2025-04-11,Strait of Hormuz,container,9
2025-04-11,Strait of Hormuz,gas,10
2025-04-11,Strait of Hormuz,general_cargo,7
2025-04-11,Strait of Hormuz,ro_ro,2
2025-04-12,Strait of Hormuz,tanker,40
2025-04-12,Strait of Hormuz,dry_bulk,17
2025-04-12,Strait of Hormuz,container,9
2025-04-12,Strait of Hormuz,gas,8
2025-04-12,Strait of Hormuz,general_cargo,7
2025-04-12,Strait of Hormuz,ro_ro,2
2025-04-13,Strait of Hormuz,tanker,41
2025-04-13,Strait of Hormuz,dry_bulk,15
2025-04-13,Strait of Hormuz,container,11
2025-04-13,Strait of Hormuz,gas,9
2025-04-13,Strait of Hormuz,general_cargo,6
2025-04-13,Strait of Hormuz,ro_ro,2
2025-04-14,Strait of Hormuz,tanker,35
2025-04-14,Strait of Hormuz,dry_bulk,16
2025-04-14,Strait of Hormuz,container,10
2025-04-14,Strait of Hormuz,gas,8
2025-04-14,Strait of Hormuz,general_cargo,6
2025-04-14,Strait of Hormuz,ro_ro,2
2025-04-15,Strait of Hormuz,tanker,47
2025-04-15,Strait of Hormuz,dry_bulk,14
2025-04-15,Strait of Hormuz,container,11
2025-04-15,Strait of Hormuz,gas,8
2025-04-15,Strait of Hormuz,general_cargo,6
2025-04-15,Strait of Hormuz,ro_ro,2
2025-04-16,Strait of Hormuz,tanker,45
2025-04-16,Strait of Hormuz,dry_bulk,18
2025-04-16,Strait of Hormuz,container,11
2025-04-16,Strait of Hormuz,gas,8
2025-04-16,Strait of Hormuz,general_cargo,6
2025-04-16,Strait of Hormuz,ro_ro,2
2025-04-17,Strait of Hormuz,tanker,44
2025-04-17,Strait of Hormuz,dry_bulk,15
2025-04-17,Strait of Hormuz,container,11
2025-04-17,Strait of Hormuz,gas,9
2025-04-17,Strait of Hormuz,general_cargo,8
2025-04-17,Strait of Hormuz,ro_ro,3
2025-04-18,Strait of Hormuz,tanker,40
2025-04-18,Strait of Hormuz,dry_bulk,16
2025-04-18,Strait of Hormuz,container,9
2025-04-18,Strait of Hormuz,gas,8
2025-04-18,Strait of Hormuz,general_cargo,7
2025-04-18,Strait of Hormuz,ro_ro,2
2025-04-19,Strait of Hormuz,tanker,38
2025-04-19,Strait of Hormuz,dry_bulk,14
2025-04-19,Strait of Hormuz,container,8
2025-04-19,Strait of Hormuz,gas,8
2025-04-19,Strait of Hormuz,general_cargo,6
2025-04-19,Strait of Hormuz,ro_ro,2
2025-04-20,Strait of Hormuz,tanker,38
2025-04-20,Strait of Hormuz,dry_bulk,15
2025-04-20,Strait of Hormuz,container,9
2025-04-20,Strait of Hormuz,gas,7
2025-04-20,Strait of Hormuz,general_cargo,7
2025-04-20,Strait of Hormuz,ro_ro,2
2025-04-21,Strait of Hormuz,tanker,39
2025-04-21,Strait of Hormuz,dry_bulk,19
2025-04-21,Strait of Hormuz,container,14
2025-04-21,Strait of Hormuz,gas,8
2025-04-21,Strait of Hormuz,general_cargo,6
2025-04-21,Strait of Hormuz,ro_ro,2
2025-04-22,Strait of Hormuz,tanker,50
2025-04-22,Strait of Hormuz,dry_bulk,15
2025-04-22,Strait of Hormuz,container,11
2025-04-22,Strait of Hormuz,gas,9
2025-04-22,Strait of Hormuz,general_cargo,7
2025-04-22,Strait of Hormuz,ro_ro,2
2025-04-23,Strait of Hormuz,tanker,42
2025-04-23,Strait of Hormuz,dry_bulk,14
2025-04-23,Strait of Hormuz,container,11
2025-04-23,Strait of Hormuz,gas,8
2025-04-23,Strait of Hormuz,general_cargo,7
2025-04-23,Strait of Hormuz,ro_ro,2
2025-04-24,Strait of Hormuz,tanker,45
2025-04-24,Strait of Hormuz,dry_bulk,18
2025-04-24,Strait of Hormuz,container,11
2025-04-24,Strait of Hormuz,gas,9
2025-04-24,Strait of Hormuz,general_cargo,6
2025-04-24,Strait of Hormuz,ro_ro,2
2025-04-25,Strait of Hormuz,tanker,40
2025-04-25,Strait of Hormuz,dry_bulk,17
2025-04-25,Strait of Hormuz,container,11
2025-04-25,Strait of Hormuz,gas,10
2025-04-25,Strait of Hormuz,general_cargo,7
2025-04-25,Strait of Hormuz,ro_ro,2
2025-04-26,Strait of Hormuz,tanker,38
2025-04-26,Strait of Hormuz,dry_bulk,14
2025-04-26,Strait of Hormuz,container,11
2025-04-26,Strait of Hormuz,gas,8
2025-04-26,Strait of Hormuz,general_cargo,6
2025-04-26,Strait of Hormuz,ro_ro,2
2025-04-27,Strait of Hormuz,tanker,44
2025-04-27,Strait of Hormuz,dry_bulk,16
2025-04-27,Strait of Hormuz,container,9
2025-04-27,Strait of Hormuz,gas,8
2025-04-27,Strait of Hormuz,general_cargo,6
2025-04-27,Strait of Hormuz,ro_ro,2
2025-04-28,Strait of Hormuz,tanker,42
2025-04-28,Strait of Hormuz,dry_bulk,16
2025-04-28,Strait of Hormuz,container,10
2025-04-28,Strait of Hormuz,gas,9
2025-04-28,Strait of Hormuz,general_cargo,7
2025-04-28,Strait of Hormuz,ro_ro,2
2025-04-29,Strait of Hormuz,tanker,42
2025-04-29,Strait of Hormuz,dry_bulk,16
2025-04-29,Strait of Hormuz,container,11
2025-04-29,Strait of Hormuz,gas,8
2025-04-29,Strait of Hormuz,general_cargo,5
2025-04-29,Strait of Hormuz,ro_ro,2
2025-04-30,Strait of Hormuz,tanker,49
2025-04-30,Strait of Hormuz,dry_bulk,14
2025-04-30,Strait of Hormuz,container,12
2025-04-30,Strait of Hormuz,gas,8
2025-04-30,Strait of Hormuz,general_cargo,6
2025-04-30,Strait of Hormuz,ro_ro,2
2025-05-01,Strait of Hormuz,tanker,42
2025-05-01,Strait of Hormuz,dry_bulk,18
2025-05-01,Strait of Hormuz,container,11
2025-05-01,Strait of Hormuz,gas,10
2025-05-01,Strait of Hormuz,general_cargo,7
2025-05-01,Strait of Hormuz,ro_ro,2
2025-05-02,Strait of Hormuz,tanker,49
2025-05-02,Strait of Hormuz,dry_bulk,17
2025-05-02,Strait of Hormuz,container,11
2025-05-02,Strait of Hormuz,gas,8
2025-05-02,Strait of Hormuz,general_cargo,6
2025-05-02,Strait of Hormuz,ro_ro,2
2025-05-03,Strait of Hormuz,tanker,44
2025-05-03,Strait of Hormuz,dry_bulk,14
2025-05-03,Strait of Hormuz,container,11
2025-05-03,Strait of Hormuz,gas,8
2025-05-03,Strait of Hormuz,general_cargo,7
2025-05-03,Strait of Hormuz,ro_ro,2
2025-05-04,Strait of Hormuz,tanker,47
2025-05-04,Strait of Hormuz,dry_bulk,16
2025-05-04,Strait of Hormuz,container,9
2025-05-04,Strait of Hormuz,gas,8
2025-05-04,Strait of Hormuz,general_cargo,5
2025-05-04,Strait of Hormuz,ro_ro,2
2025-05-05,Strait of Hormuz,tanker,48
2025-05-05,Strait of Hormuz,dry_bulk,17
2025-05-05,Strait of Hormuz,container,10
2025-05-05,Strait of Hormuz,gas,8
2025-05-05,Strait of Hormuz,general_cargo,6
2025-05-05,Strait of Hormuz,ro_ro,2
2025-05-06,Strait of Hormuz,tanker,40
2025-05-06,Strait of Hormuz,dry_bulk,16
2025-05-06,Strait of Hormuz,container,12
2025-05-06,Strait of Hormuz,gas,9
2025-05-06,Strait of Hormuz,general_cargo,5
2025-05-06,Strait of Hormuz,ro_ro,2
2025-05-07,Strait of Hormuz,tanker,43
2025-05-07,Strait of Hormuz,dry_bulk,17
2025-05-07,Strait of Hormuz,container,12
2025-05-07,Strait of Hormuz,gas,7
2025-05-07,Strait of Hormuz,general_cargo,6
2025-05-07,Strait of Hormuz,ro_ro,2
2025-05-08,Strait of Hormuz,tanker,37
2025-05-08,Strait of Hormuz,dry_bulk,18
2025-05-08,Strait of Hormuz,container,11
2025-05-08,Strait of Hormuz,gas,9
2025-05-08,Strait of Hormuz,general_cargo,6
2025-05-08,Strait of Hormuz,ro_ro,2
2025-05-09,Strait of Hormuz,tanker,47
2025-05-09,Strait of Hormuz,dry_bulk,16
2025-05-09,Strait of Hormuz,container,11
2025-05-09,Strait of Hormuz,gas,9
2025-05-09,Strait of Hormuz,general_cargo,6
2025-05-09,Strait of Hormuz,ro_ro,2
2025-05-10,Strait of Hormuz,tanker,40
2025-05-10,Strait of Hormuz,dry_bulk,16
2025-05-10,Strait of Hormuz,container,11
2025-05-10,Strait of Hormuz,gas,7
2025-05-10,Strait of Hormuz,general_cargo,6
2025-05-10,Strait of Hormuz,ro_ro,2
2025-05-11,Strait of Hormuz,tanker,38
2025-05-11,Strait of Hormuz,dry_bulk,14
2025-05-11,Strait of Hormuz,container,10
2025-05-11,Strait of Hormuz,gas,9
2025-05-11,Strait of Hormuz,general_cargo,6
2025-05-11,Strait of Hormuz,ro_ro,2
2025-05-12,Strait of Hormuz,tanker,46
2025-05-12,Strait of Hormuz,dry_bulk,17
2025-05-12,Strait of Hormuz,container,11
2025-05-12,Strait of Hormuz,gas,10
2025-05-12,Strait of Hormuz,general_cargo,6
2025-05-12,Strait of Hormuz,ro_ro,2
2025-05-13,Strait of Hormuz,tanker,49
2025-05-13,Strait of Hormuz,dry_bulk,15
2025-05-13,Strait of Hormuz,container,11
2025-05-13,Strait of Hormuz,gas,9
2025-05-13,Strait of Hormuz,general_cargo,5
2025-05-13,Strait of Hormuz,ro_ro,2
2025-05-14,Strait of Hormuz,tanker,36
2025-05-14,Strait of Hormuz,dry_bulk,15
2025-05-14,Strait of Hormuz,container,11
2025-05-14,Strait of Hormuz,gas,9
2025-05-14,Strait of Hormuz,general_cargo,7
2025-05-14,Strait of Hormuz,ro_ro,2
2025-05-15,Strait of Hormuz,tanker,34
2025-05-15,Strait of Hormuz,dry_bulk,16
2025-05-15,Strait of Hormuz,container,10
2025-05-15,Strait of Hormuz,gas,9
2025-05-15,Strait of Hormuz,general_cargo,7
2025-05-15,Strait of Hormuz,ro_ro,2
2025-05-16,Strait of Hormuz,tanker,45
2025-05-16,Strait of Hormuz,dry_bulk,16
2025-05-16,Strait of Hormuz,container,11
2025-05-16,Strait of Hormuz,gas,8
2025-05-16,Strait of Hormuz,general_cargo,6
2025-05-16,Strait of Hormuz,ro_ro,2
2025-05-17,Strait of Hormuz,tanker,43
2025-05-17,Strait of Hormuz,dry_bulk,15
2025-05-17,Strait of Hormuz,container,11
2025-05-17,Strait of Hormuz,gas,8
2025-05-17,Strait of Hormuz,general_cargo,6
2025-05-17,Strait of Hormuz,ro_ro,2
2025-05-18,Strait of Hormuz,tanker,33
2025-05-18,Strait of Hormuz,dry_bulk,13
2025-05-18,Strait of Hormuz,container,9
2025-05-18,Strait of Hormuz,gas,6
2025-05-18,Strait of Hormuz,general_cargo,6
2025-05-18,Strait of Hormuz,ro_ro,2
2025-05-19,Strait of Hormuz,tanker,41
2025-05-19,Strait of Hormuz,dry_bulk,16
2025-05-19,Strait of Hormuz,container,12
2025-05-19,Strait of Hormuz,gas,9
2025-05-19,Strait of Hormuz,general_cargo,6
2025-05-19,Strait of Hormuz,ro_ro,2
2025-05-20,Strait of Hormuz,tanker,42
2025-05-20,Strait of Hormuz,dry_bulk,15
2025-05-20,Strait of Hormuz,container,10
2025-05-20,Strait of Hormuz,gas,7
2025-05-20,Strait of Hormuz,general_cargo,6
2025-05-20,Strait of Hormuz,ro_ro,2
2025-05-21,Strait of Hormuz,tanker,45
2025-05-21,Strait of Hormuz,dry_bulk,18
2025-05-21,Strait of Hormuz,container,9
2025-05-21,Strait of Hormuz,gas,9
2025-05-21,Strait of Hormuz,general_cargo,6
2025-05-21,Strait of Hormuz,ro_ro,2
2025-05-22,Strait of Hormuz,tanker,42
2025-05-22,Strait of Hormuz,dry_bulk,13
2025-05-22,Strait of Hormuz,container,11
2025-05-22,Strait of Hormuz,gas,8
2025-05-22,Strait of Hormuz,general_cargo,6
2025-05-22,Strait of Hormuz,ro_ro,2
2025-05-23,Strait of Hormuz,tanker,40
2025-05-23,Strait of Hormuz,dry_bulk,16
2025-05-23,Strait of Hormuz,container,10
2025-05-23,Strait of Hormuz,gas,9
2025-05-23,Strait of Hormuz,general_cargo,7
2025-05-23,Strait of Hormuz,ro_ro,2
2025-05-24,Strait of Hormuz,tanker,39
2025-05-24,Strait of Hormuz,dry_bulk,13
2025-05-24,Strait of Hormuz,container,11
2025-05-24,Strait of Hormuz,gas,8
2025-05-24,Strait of Hormuz,general_cargo,7
2025-05-24,Strait of Hormuz,ro_ro,2
2025-05-25,Strait of Hormuz,tanker,39
2025-05-25,Strait of Hormuz,dry_bulk,15
2025-05-25,Strait of Hormuz,container,12
2025-05-25,Strait of Hormuz,gas,9
2025-05-25,Strait of Hormuz,general_cargo,6
2025-05-25,Strait of Hormuz,ro_ro,2
2025-05-26,Strait of Hormuz,tanker,46
2025-05-26,Strait of Hormuz,dry_bulk,15
2025-05-26,Strait of Hormuz,container,11
2025-05-26,Strait of Hormuz,gas,8
2025-05-26,Strait of Hormuz,general_cargo,6
2025-05-26,Strait of Hormuz,ro_ro,2
2025-05-27,Strait of Hormuz,tanker,36
2025-05-27,Strait of Hormuz,dry_bulk,13
2025-05-27,Strait of Hormuz,container,9
2025-05-27,Strait of Hormuz,gas,8
2025-05-27,Strait of Hormuz,general_cargo,6
2025-05-27,Strait of Hormuz,ro_ro,2
2025-05-28,Strait of Hormuz,tanker,46
2025-05-28,Strait of Hormuz,dry_bulk,14
2025-05-28,Strait of Hormuz,container,11
2025-05-28,Strait of Hormuz,gas,8
2025-05-28,Strait of Hormuz,general_cargo,6
2025-05-28,Strait of Hormuz,ro_ro,2
2025-05-29,Strait of Hormuz,tanker,44
2025-05-29,Strait of Hormuz,dry_bulk,15
2025-05-29,Strait of Hormuz,container,11
2025-05-29,Strait of Hormuz,gas,7
2025-05-29,Strait of Hormuz,general_cargo,6
2025-05-29,Strait of Hormuz,ro_ro,3
2025-05-30,Strait of Hormuz,tanker,43
2025-05-30,Strait of Hormuz,dry_bulk,18
2025-05-30,Strait of Hormuz,container,11
2025-05-30,Strait of Hormuz,gas,9
2025-05-30,Strait of Hormuz,general_cargo,6
2025-05-30,Strait of Hormuz,ro_ro,2
2025-05-31,Strait of Hormuz,tanker,37
2025-05-31,Strait of Hormuz,dry_bulk,15
2025-05-31,Strait of Hormuz,container,9
2025-05-31,Strait of Hormuz,gas,8
2025-05-31,Strait of Hormuz,general_cargo,7
2025-05-31,Strait of Hormuz,ro_ro,2
2025-06-01,Strait of Hormuz,tanker,39
2025-06-01,Strait of Hormuz,dry_bulk,15
2025-06-01,Strait of Hormuz,container,10
2025-06-01,Strait of Hormuz,gas,9
2025-06-01,Strait of Hormuz,general_cargo,5
2025-06-01,Strait of Hormuz,ro_ro,2
2025-06-02,Strait of Hormuz,tanker,34
2025-06-02,Strait of Hormuz,dry_bulk,13
2025-06-02,Strait of Hormuz,container,12
2025-06-02,Strait of Hormuz,gas,9
2025-06-02,Strait of Hormuz,general_cargo,6
2025-06-02,Strait of Hormuz,ro_ro,2
2025-06-03,Strait of Hormuz,tanker,30
2025-06-03,Strait of Hormuz,dry_bulk,15
2025-06-03,Strait of Hormuz,container,13
2025-06-03,Strait of Hormuz,gas,9
2025-06-03,Strait of Hormuz,general_cargo,6
2025-06-03,Strait of Hormuz,ro_ro,2
2025-06-04,Strait of Hormuz,tanker,36
2025-06-04,Strait of Hormuz,dry_bulk,15
2025-06-04,Strait of Hormuz,container,10
2025-06-04,Strait of Hormuz,gas,8
2025-06-04,Strait of Hormuz,general_cargo,7
2025-06-04,Strait of Hormuz,ro_ro,2
2025-06-05,Strait of Hormuz,tanker,44
2025-06-05,Strait of Hormuz,dry_bulk,15
2025-06-05,Strait of Hormuz,container,11
2025-06-05,Strait of Hormuz,gas,9
2025-06-05,Strait of Hormuz,general_cargo,6
2025-06-05,Strait of Hormuz,ro_ro,2
2025-06-06,Strait of Hormuz,tanker,46
2025-06-06,Strait of Hormuz,dry_bulk,15
2025-06-06,Strait of Hormuz,container,12
2025-06-06,Strait of Hormuz,gas,8
2025-06-06,Strait of Hormuz,general_cargo,7
2025-06-06,Strait of Hormuz,ro_ro,2
2025-06-07,Strait of Hormuz,tanker,40
2025-06-07,Strait of Hormuz,dry_bulk,17
2025-06-07,Strait of Hormuz,container,9
2025-06-07,Strait of Hormuz,gas,7
2025-06-07,Strait of Hormuz,general_cargo,6
2025-06-07,Strait of Hormuz,ro_ro,2
2025-06-08,Strait of Hormuz,tanker,34
2025-06-08,Strait of Hormuz,dry_bulk,16
2025-06-08,Strait of Hormuz,container,9
2025-06-08,Strait of Hormuz,gas,9
2025-06-08,Strait of Hormuz,general_cargo,5
2025-06-08,Strait of Hormuz,ro_ro,2
2025-06-09,Strait of Hormuz,tanker,35
2025-06-09,Strait of Hormuz,dry_bulk,14
2025-06-09,Strait of Hormuz,container,11
2025-06-09,Strait of Hormuz,gas,8
2025-06-09,Strait of Hormuz,general_cargo,6
2025-06-09,Strait of Hormuz,ro_ro,2
2025-06-10,Strait of Hormuz,tanker,42
2025-06-10,Strait of Hormuz,dry_bulk,14
2025-06-10,Strait of Hormuz,container,11
2025-06-10,Strait of Hormuz,gas,9
2025-06-10,Strait of Hormuz,general_cargo,6
2025-06-10,Strait of Hormuz,ro_ro,2
2025-06-11,Strait of Hormuz,tanker,42
2025-06-11,Strait of Hormuz,dry_bulk,18
2025-06-11,Strait of Hormuz,container,10
2025-06-11,Strait of Hormuz,gas,8
2025-06-11,Strait of Hormuz,general_cargo,6
2025-06-11,Strait of Hormuz,ro_ro,2
2025-06-12,Strait of Hormuz,tanker,36
2025-06-12,Strait of Hormuz,dry_bulk,14
2025-06-12,Strait of Hormuz,container,10
2025-06-12,Strait of Hormuz,gas,8
2025-06-12,Strait of Hormuz,general_cargo,6
2025-06-12,Strait of Hormuz,ro_ro,2
2025-06-13,Strait of Hormuz,tanker,44
2025-06-13,Strait of Hormuz,dry_bulk,16
2025-06-13,Strait of Hormuz,container,10
2025-06-13,Strait of Hormuz,gas,8
2025-06-13,Strait of Hormuz,general_cargo,6
2025-06-13,Strait of Hormuz,ro_ro,2
2025-06-14,Strait of Hormuz,tanker,34
2025-06-14,Strait of Hormuz,dry_bulk,15
2025-06-14,Strait of Hormuz,container,10
2025-06-14,Strait of Hormuz,gas,7
2025-06-14,Strait of Hormuz,general_cargo,6
2025-06-14,Strait of Hormuz,ro_ro,2
2025-06-15,Strait of Hormuz,tanker,44
2025-06-15,Strait of Hormuz,dry_bulk,16
2025-06-15,Strait of Hormuz,container,9
2025-06-15,Strait of Hormuz,gas,8
2025-06-15,Strait of Hormuz,general_cargo,5
2025-06-15,Strait of Hormuz,ro_ro,2
2025-06-16,Strait of Hormuz,tanker,40
2025-06-16,Strait of Hormuz,dry_bulk,14
2025-06-16,Strait of Hormuz,container,11
2025-06-16,Strait of Hormuz,gas,10
2025-06-16,Strait of Hormuz,general_cargo,5
2025-06-16,Strait of Hormuz,ro_ro,2
2025-06-17,Strait of Hormuz,tanker,42
2025-06-17,Strait of Hormuz,dry_bulk,18
2025-06-17,Strait of Hormuz,container,9
2025-06-17,Strait of Hormuz,gas,8
2025-06-17,Strait of Hormuz,general_cargo,7
2025-06-17,Strait of Hormuz,ro_ro,2
2025-06-18,Strait of Hormuz,tanker,36
2025-06-18,Strait of Hormuz,dry_bulk,15
2025-06-18,Strait of Hormuz,container,10
2025-06-18,Strait of Hormuz,gas,9
2025-06-18,Strait of Hormuz,general_cargo,6
2025-06-18,Strait of Hormuz,ro_ro,2
2025-06-19,Strait of Hormuz,tanker,43
2025-06-19,Strait of Hormuz,dry_bulk,14
2025-06-19,Strait of Hormuz,container,11
2025-06-19,Strait of Hormuz,gas,8
2025-06-19,Strait of Hormuz,general_cargo,6
2025-06-19,Strait of Hormuz,ro_ro,2
2025-06-20,Strait of Hormuz,tanker,43
2025-06-20,Strait of Hormuz,dry_bulk,16
2025-06-20,Strait of Hormuz,container,9
2025-06-20,Strait of Hormuz,gas,9
2025-06-20,Strait of Hormuz,general_cargo,6
2025-06-20,Strait of Hormuz,ro_ro,2
2025-06-21,Strait of Hormuz,tanker,34
2025-06-21,Strait of Hormuz,dry_bulk,15
2025-06-21,Strait of Hormuz,container,9
2025-06-21,Strait of Hormuz,gas,7
2025-06-21,Strait of Hormuz,general_cargo,6
2025-06-21,Strait of Hormuz,ro_ro,2
2025-06-22,Strait of Hormuz,tanker,36
2025-06-22,Strait of Hormuz,dry_bulk,16
2025-06-22,Strait of Hormuz,container,9
2025-06-22,Strait of Hormuz,gas,8
2025-06-22,Strait of Hormuz,general_cargo,6
2025-06-22,Strait of Hormuz,ro_ro,2
2025-06-23,Strait of Hormuz,tanker,42
2025-06-23,Strait of Hormuz,dry_bulk,14
2025-06-23,Strait of Hormuz,container,10
2025-06-23,Strait of Hormuz,gas,9
2025-06-23,Strait of Hormuz,general_cargo,6
2025-06-23,Strait of Hormuz,ro_ro,2
2025-06-24,Strait of Hormuz,tanker,46
2025-06-24,Strait of Hormuz,dry_bulk,19
2025-06-24,Strait of Hormuz,container,10
2025-06-24,Strait of Hormuz,gas,7
2025-06-24,Strait of Hormuz,general_cargo,6
2025-06-24,Strait of Hormuz,ro_ro,2
2025-06-25,Strait of Hormuz,tanker,40
2025-06-25,Strait of Hormuz,dry_bulk,14
2025-06-25,Strait of Hormuz,container,11
2025-06-25,Strait of Hormuz,gas,8
2025-06-25,Strait of Hormuz,general_cargo,5
2025-06-25,Strait of Hormuz,ro_ro,2
2025-06-26,Strait of Hormuz,tanker,48
2025-06-26,Strait of Hormuz,dry_bulk,15
2025-06-26,Strait of Hormuz,container,10
2025-06-26,Strait of Hormuz,gas,8
2025-06-26,Strait of Hormuz,general_cargo,6
2025-06-26,Strait of Hormuz,ro_ro,2
2025-06-27,Strait of Hormuz,tanker,41
2025-06-27,Strait of Hormuz,dry_bulk,15
2025-06-27,Strait of Hormuz,container,12
2025-06-27,Strait of Hormuz,gas,8
2025-06-27,Strait of Hormuz,general_cargo,7
2025-06-27,Strait of Hormuz,ro_ro,2
2025-06-28,Strait of Hormuz,tanker,40
2025-06-28,Strait of Hormuz,dry_bulk,15
2025-06-28,Strait of Hormuz,container,9
2025-06-28,Strait of Hormuz,gas,8
2025-06-28,Strait of Hormuz,general_cargo,6
2025-06-28,Strait of Hormuz,ro_ro,2
2025-06-29,Strait of Hormuz,tanker,32
2025-06-29,Strait of Hormuz,dry_bulk,14
2025-06-29,Strait of Hormuz,container,9
2025-06-29,Strait of Hormuz,gas,7
2025-06-29,Strait of Hormuz,general_cargo,6
2025-06-29,Strait of Hormuz,ro_ro,2
2025-06-30,Strait of Hormuz,tanker,34
2025-06-30,Strait of Hormuz,dry_bulk,16
2025-06-30,Strait of Hormuz,container,10
2025-06-30,Strait of Hormuz,gas,6
2025-06-30,Strait of Hormuz,general_cargo,6
2025-06-30,Strait of Hormuz,ro_ro,2
2025-07-01,Strait of Hormuz,tanker,37
2025-07-01,Strait of Hormuz,dry_bulk,13
2025-07-01,Strait of Hormuz,container,11
2025-07-01,Strait of Hormuz,gas,8
2025-07-01,Strait of Hormuz,general_cargo,7
2025-07-01,Strait of Hormuz,ro_ro,2
2025-07-02,Strait of Hormuz,tanker,41
2025-07-02,Strait of Hormuz,dry_bulk,15
2025-07-02,Strait of Hormuz,container,11
2025-07-02,Strait of Hormuz,gas,8
2025-07-02,Strait of Hormuz,general_cargo,7
2025-07-02,Strait of Hormuz,ro_ro,2
2025-07-03,Strait of Hormuz,tanker,38
2025-07-03,Strait of Hormuz,dry_bulk,14
2025-07-03,Strait of Hormuz,container,11
2025-07-03,Strait of Hormuz,gas,9
2025-07-03,Strait of Hormuz,general_cargo,6
2025-07-03,Strait of Hormuz,ro_ro,2
2025-07-04,Strait of Hormuz,tanker,41
2025-07-04,Strait of Hormuz,dry_bulk,15
2025-07-04,Strait of Hormuz,container,11
2025-07-04,Strait of Hormuz,gas,6
2025-07-04,Strait of Hormuz,general_cargo,6
2025-07-04,Strait of Hormuz,ro_ro,2
2025-07-05,Strait of Hormuz,tanker,30
2025-07-05,Strait of Hormuz,dry_bulk,13
2025-07-05,Strait of Hormuz,container,9
2025-07-05,Strait of Hormuz,gas,7
2025-07-05,Strait of Hormuz,general_cargo,6
2025-07-05,Strait of Hormuz,ro_ro,2
2025-07-06,Strait of Hormuz,tanker,34
2025-07-06,Strait of Hormuz,dry_bulk,14
2025-07-06,Strait of Hormuz,container,10
2025-07-06,Strait of Hormuz,gas,7
2025-07-06,Strait of Hormuz,general_cargo,5
2025-07-06,Strait of Hormuz,ro_ro,2
2025-07-07,Strait of Hormuz,tanker,39
2025-07-07,Strait of Hormuz,dry_bulk,16
2025-07-07,Strait of Hormuz,container,10
2025-07-07,Strait of Hormuz,gas,8
2025-07-07,Strait of Hormuz,general_cargo,5
2025-07-07,Strait of Hormuz,ro_ro,2
2025-07-08,Strait of Hormuz,tanker,39
2025-07-08,Strait of Hormuz,dry_bulk,13
2025-07-08,Strait of Hormuz,container,9
2025-07-08,Strait of Hormuz,gas,8
2025-07-08,Strait of Hormuz,general_cargo,6
2025-07-08,Strait of Hormuz,ro_ro,2
2025-07-09,Strait of Hormuz,tanker,39
2025-07-09,Strait of Hormuz,dry_bulk,16
2025-07-09,Strait of Hormuz,container,8
2025-07-09,Strait of Hormuz,gas,7
2025-07-09,Strait of Hormuz,general_cargo,5
2025-07-09,Strait of Hormuz,ro_ro,2
2025-07-10,Strait of Hormuz,tanker,41
2025-07-10,Strait of Hormuz,dry_bulk,16
2025-07-10,Strait of Hormuz,container,9
2025-07-10,Strait of Hormuz,gas,7
2025-07-10,Strait of Hormuz,general_cargo,6
2025-07-10,Strait of Hormuz,ro_ro,2
2025-07-11,Strait of Hormuz,tanker,41
2025-07-11,Strait of Hormuz,dry_bulk,15
2025-07-11,Strait of Hormuz,container,10
2025-07-11,Strait of Hormuz,gas,8
2025-07-11,Strait of Hormuz,general_cargo,6
2025-07-11,Strait of Hormuz,ro_ro,2
2025-07-12,Strait of Hormuz,tanker,32
2025-07-12,Strait of Hormuz,dry_bulk,11
2025-07-12,Strait of Hormuz,container,10
2025-07-12,Strait of Hormuz,gas,8
2025-07-12,Strait of Hormuz,general_cargo,5
2025-07-12,Strait of Hormuz,ro_ro,2
2025-07-13,Strait of Hormuz,tanker,38
2025-07-13,Strait of Hormuz,dry_bulk,15
2025-07-13,Strait of Hormuz,container,11
2025-07-13,Strait of Hormuz,gas,8
2025-07-13,Strait of Hormuz,general_cargo,5
2025-07-13,Strait of Hormuz,ro_ro,2
2025-07-14,Strait of Hormuz,tanker,39
2025-07-14,Strait of Hormuz,dry_bulk,14
2025-07-14,Strait of Hormuz,container,9
2025-07-14,Strait of Hormuz,gas,9
2025-07-14,Strait of Hormuz,general_cargo,7
2025-07-14,Strait of Hormuz,ro_ro,2
2025-07-15,Strait of Hormuz,tanker,36
2025-07-15,Strait of Hormuz,dry_bulk,16
2025-07-15,Strait of Hormuz,container,10
2025-07-15,Strait of Hormuz,gas,8
2025-07-15,Strait of Hormuz,general_cargo,7
2025-07-15,Strait of Hormuz,ro_ro,2
2025-07-16,Strait of Hormuz,tanker,42
2025-07-16,Strait of Hormuz,dry_bulk,16
2025-07-16,Strait of Hormuz,container,10
2025-07-16,Strait of Hormuz,gas,7
2025-07-16,Strait of Hormuz,general_cargo,6
2025-07-16,Strait of Hormuz,ro_ro,2
2025-07-17,Strait of Hormuz,tanker,35
2025-07-17,Strait of Hormuz,dry_bulk,17
2025-07-17,Strait of Hormuz,container,11
2025-07-17,Strait of Hormuz,gas,9
2025-07-17,Strait of Hormuz,general_cargo,6
2025-07-17,Strait of Hormuz,ro_ro,2
2025-07-18,Strait of Hormuz,tanker,39
2025-07-18,Strait of Hormuz,dry_bulk,15
2025-07-18,Strait of Hormuz,container,9
2025-07-18,Strait of Hormuz,gas,8
2025-07-18,Strait of Hormuz,general_cargo,6
2025-07-18,Strait of Hormuz,ro_ro,2
2025-07-19,Strait of Hormuz,tanker,37
2025-07-19,Strait of Hormuz,dry_bulk,14
2025-07-19,Strait of Hormuz,container,11
2025-07-19,Strait of Hormuz,gas,8
2025-07-19,Strait of Hormuz,general_cargo,6
2025-07-19,Strait of Hormuz,ro_ro,2
2025-07-20,Strait of Hormuz,tanker,37
2025-07-20,Strait of Hormuz,dry_bulk,14
2025-07-20,Strait of Hormuz,container,8
2025-07-20,Strait of Hormuz,gas,7
2025-07-20,Strait of Hormuz,general_cargo,5
2025-07-20,Strait of Hormuz,ro_ro,2
2025-07-21,Strait of Hormuz,tanker,41
2025-07-21,Strait of Hormuz,dry_bulk,15
2025-07-21,Strait of Hormuz,container,8
2025-07-21,Strait of Hormuz,gas,8
2025-07-21,Strait of Hormuz,general_cargo,6
2025-07-21,Strait of Hormuz,ro_ro,2
2025-07-22,Strait of Hormuz,tanker,42
2025-07-22,Strait of Hormuz,dry_bulk,15
2025-07-22,Strait of Hormuz,container,9
2025-07-22,Strait of Hormuz,gas,7
2025-07-22,Strait of Hormuz,general_cargo,6
2025-07-22,Strait of Hormuz,ro_ro,2
2025-07-23,Strait of Hormuz,tanker,43
2025-07-23,Strait of Hormuz,dry_bulk,16
2025-07-23,Strait of Hormuz,container,10
2025-07-23,Strait of Hormuz,gas,7
2025-07-23,Strait of Hormuz,general_cargo,6
2025-07-23,Strait of Hormuz,ro_ro,2
2025-07-24,Strait of Hormuz,tanker,38
2025-07-24,Strait of Hormuz,dry_bulk,14
2025-07-24,Strait of Hormuz,container,10
2025-07-24,Strait of Hormuz,gas,7
2025-07-24,Strait of Hormuz,general_cargo,5
2025-07-24,Strait of Hormuz,ro_ro,2
2025-07-25,Strait of Hormuz,tanker,37
2025-07-25,Strait of Hormuz,dry_bulk,15
2025-07-25,Strait of Hormuz,container,10
2025-07-25,Strait of Hormuz,gas,7
2025-07-25,Strait of Hormuz,general_cargo,6
2025-07-25,Strait of Hormuz,ro_ro,2
2025-07-26,Strait of Hormuz,tanker,33
2025-07-26,Strait of Hormuz,dry_bulk,11
2025-07-26,Strait of Hormuz,container,8
2025-07-26,Strait of Hormuz,gas,7
2025-07-26,Strait of Hormuz,general_cargo,6
2025-07-26,Strait of Hormuz,ro_ro,2
2025-07-27,Strait of Hormuz,tanker,41
2025-07-27,Strait of Hormuz,dry_bulk,10
2025-07-27,Strait of Hormuz,container,10
2025-07-27,Strait of Hormuz,gas,8
2025-07-27,Strait of Hormuz,general_cargo,5
2025-07-27,Strait of Hormuz,ro_ro,2
2025-07-28,Strait of Hormuz,tanker,36
2025-07-28,Strait of Hormuz,dry_bulk,13
2025-07-28,Strait of Hormuz,container,9
2025-07-28,Strait of Hormuz,gas,9
2025-07-28,Strait of Hormuz,general_cargo,7
2025-07-28,Strait of Hormuz,ro_ro,2
2025-07-29,Strait of Hormuz,tanker,45
2025-07-29,Strait of Hormuz,dry_bulk,15
2025-07-29,Strait of Hormuz,container,11
2025-07-29,Strait of Hormuz,gas,8
2025-07-29,Strait of Hormuz,general_cargo,6
2025-07-29,Strait of Hormuz,ro_ro,2
2025-07-30,Strait of Hormuz,tanker,50
2025-07-30,Strait of Hormuz,dry_bulk,16
2025-07-30,Strait of Hormuz,container,9
2025-07-30,Strait of Hormuz,gas,8
2025-07-30,Strait of Hormuz,general_cargo,6
2025-07-30,Strait of Hormuz,ro_ro,2
2025-07-31,Strait of Hormuz,tanker,42
2025-07-31,Strait of Hormuz,dry_bulk,14
2025-07-31,Strait of Hormuz,container,10
2025-07-31,Strait of Hormuz,gas,8
2025-07-31,Strait of Hormuz,general_cargo,6
2025-07-31,Strait of Hormuz,ro_ro,2
2025-08-01,Strait of Hormuz,tanker,32
2025-08-01,Strait of Hormuz,dry_bulk,15
2025-08-01,Strait of Hormuz,container,9
2025-08-01,Strait of Hormuz,gas,7
2025-08-01,Strait of Hormuz,general_cargo,6
2025-08-01,Strait of Hormuz,ro_ro,2
2025-08-02,Strait of Hormuz,tanker,34
2025-08-02,Strait of Hormuz,dry_bulk,15
2025-08-02,Strait of Hormuz,container,8
2025-08-02,Strait of Hormuz,gas,7
2025-08-02,Strait of Hormuz,general_cargo,5
2025-08-02,Strait of Hormuz,ro_ro,2
2025-08-03,Strait of Hormuz,tanker,37
2025-08-03,Strait of Hormuz,dry_bulk,12
2025-08-03,Strait of Hormuz,container,10
2025-08-03,Strait of Hormuz,gas,7
2025-08-03,Strait of Hormuz,general_cargo,5
2025-08-03,Strait of Hormuz,ro_ro,1
2025-08-04,Strait of Hormuz,tanker,38
2025-08-04,Strait of Hormuz,dry_bulk,14
2025-08-04,Strait of Hormuz,container,9
2025-08-04,Strait of Hormuz,gas,8
2025-08-04,Strait of Hormuz,general_cargo,6
2025-08-04,Strait of Hormuz,ro_ro,2
2025-08-05,Strait of Hormuz,tanker,34
2025-08-05,Strait of Hormuz,dry_bulk,13
2025-08-05,Strait of Hormuz,container,9
2025-08-05,Strait of Hormuz,gas,8
2025-08-05,Strait of Hormuz,general_cargo,6
2025-08-05,Strait of Hormuz,ro_ro,2
2025-08-06,Strait of Hormuz,tanker,30
2025-08-06,Strait of Hormuz,dry_bulk,12
2025-08-06,Strait of Hormuz,container,9
2025-08-06,Strait of Hormuz,gas,7
2025-08-06,Strait of Hormuz,general_cargo,6
2025-08-06,Strait of Hormuz,ro_ro,2
2025-08-07,Strait of Hormuz,tanker,37
2025-08-07,Strait of Hormuz,dry_bulk,16
2025-08-07,Strait of Hormuz,container,9
2025-08-07,Strait of Hormuz,gas,7
2025-08-07,Strait of Hormuz,general_cargo,6
2025-08-07,Strait of Hormuz,ro_ro,2
2025-08-08,Strait of Hormuz,tanker,39
2025-08-08,Strait of Hormuz,dry_bulk,14
2025-08-08,Strait of Hormuz,container,9
2025-08-08,Strait of Hormuz,gas,9
2025-08-08,Strait of Hormuz,general_cargo,5
2025-08-08,Strait of Hormuz,ro_ro,2
2025-08-09,Strait of Hormuz,tanker,35
2025-08-09,Strait of Hormuz,dry_bulk,12
2025-08-09,Strait of Hormuz,container,9
2025-08-09,Strait of Hormuz,gas,7
2025-08-09,Strait of Hormuz,general_cargo,5
2025-08-09,Strait of Hormuz,ro_ro,2
2025-08-10,Strait of Hormuz,tanker,38
2025-08-10,Strait of Hormuz,dry_bulk,13
2025-08-10,Strait of Hormuz,container,10
2025-08-10,Strait of Hormuz,gas,8
2025-08-10,Strait of Hormuz,general_cargo,6
2025-08-10,Strait of Hormuz,ro_ro,2
2025-08-11,Strait of Hormuz,tanker,43
2025-08-11,Strait of Hormuz,dry_bulk,12
2025-08-11,Strait of Hormuz,container,9
2025-08-11,Strait of Hormuz,gas,7
2025-08-11,Strait of Hormuz,general_cargo,6
2025-08-11,Strait of Hormuz,ro_ro,2
2025-08-12,Strait of Hormuz,tanker,37
2025-08-12,Strait of Hormuz,dry_bulk,17
2025-08-12,Strait of Hormuz,container,9
2025-08-12,Strait of Hormuz,gas,8
2025-08-12,Strait of Hormuz,general_cargo,6
2025-08-12,Strait of Hormuz,ro_ro,2
2025-08-13,Strait of Hormuz,tanker,38
2025-08-13,Strait of Hormuz,dry_bulk,15
2025-08-13,Strait of Hormuz,container,10
2025-08-13,Strait of Hormuz,gas,9
2025-08-13,Strait of Hormuz,general_cargo,6
2025-08-13,Strait of Hormuz,ro_ro,2
2025-08-14,Strait of Hormuz,tanker,34
2025-08-14,Strait of Hormuz,dry_bulk,14
2025-08-14,Strait of Hormuz,container,10
2025-08-14,Strait of Hormuz,gas,8
2025-08-14,Strait of Hormuz,general_cargo,6
2025-08-14,Strait of Hormuz,ro_ro,2
2025-08-15,Strait of Hormuz,tanker,39
2025-08-15,Strait of Hormuz,dry_bulk,16
2025-08-15,Strait of Hormuz,container,10
2025-08-15,Strait of Hormuz,gas,7
2025-08-15,Strait of Hormuz,general_cargo,6
2025-08-15,Strait of Hormuz,ro_ro,1
2025-08-16,Strait of Hormuz,tanker,37
2025-08-16,Strait of Hormuz,dry_bulk,9
2025-08-16,Strait of Hormuz,container,8
2025-08-16,Strait of Hormuz,gas,7
2025-08-16,Strait of Hormuz,general_cargo,6
2025-08-16,Strait of Hormuz,ro_ro,2
2025-08-17,Strait of Hormuz,tanker,34
2025-08-17,Strait of Hormuz,dry_bulk,15
2025-08-17,Strait of Hormuz,container,9
2025-08-17,Strait of Hormuz,gas,9
2025-08-17,Strait of Hormuz,general_cargo,5
2025-08-17,Strait of Hormuz,ro_ro,2
2025-08-18,Strait of Hormuz,tanker,43
2025-08-18,Strait of Hormuz,dry_bulk,14
2025-08-18,Strait of Hormuz,container,9
2025-08-18,Strait of Hormuz,gas,7
2025-08-18,Strait of Hormuz,general_cargo,6
2025-08-18,Strait of Hormuz,ro_ro,2
2025-08-19,Strait of Hormuz,tanker,37
2025-08-19,Strait of Hormuz,dry_bulk,13
2025-08-19,Strait of Hormuz,container,10
2025-08-19,Strait of Hormuz,gas,8
2025-08-19,Strait of Hormuz,general_cargo,6
2025-08-19,Strait of Hormuz,ro_ro,2
2025-08-20,Strait of Hormuz,tanker,38
2025-08-20,Strait of Hormuz,dry_bulk,15
2025-08-20,Strait of Hormuz,container,9
2025-08-20,Strait of Hormuz,gas,7
2025-08-20,Strait of Hormuz,general_cargo,6
2025-08-20,Strait of Hormuz,ro_ro,2
2025-08-21,Strait of Hormuz,tanker,33
2025-08-21,Strait of Hormuz,dry_bulk,15
2025-08-21,Strait of Hormuz,container,10
2025-08-21,Strait of Hormuz,gas,6
2025-08-21,Strait of Hormuz,general_cargo,6
2025-08-21,Strait of Hormuz,ro_ro,2
2025-08-22,Strait of Hormuz,tanker,39
2025-08-22,Strait of Hormuz,dry_bulk,15
2025-08-22,Strait of Hormuz,container,8
2025-08-22,Strait of Hormuz,gas,8
2025-08-22,Strait of Hormuz,general_cargo,5
2025-08-22,Strait of Hormuz,ro_ro,2
2025-08-23,Strait of Hormuz,tanker,38
2025-08-23,Strait of Hormuz,dry_bulk,15
2025-08-23,Strait of Hormuz,container,10
2025-08-23,Strait of Hormuz,gas,8
2025-08-23,Strait of Hormuz,general_cargo,5
2025-08-23,Strait of Hormuz,ro_ro,2
2025-08-24,Strait of Hormuz,tanker,38
2025-08-24,Strait of Hormuz,dry_bulk,13
2025-08-24,Strait of Hormuz,container,9
2025-08-24,Strait of Hormuz,gas,8
2025-08-24,Strait of Hormuz,general_cargo,5
2025-08-24,Strait of Hormuz,ro_ro,2
2025-08-25,Strait of Hormuz,tanker,36
2025-08-25,Strait of Hormuz,dry_bulk,15
2025-08-25,Strait of Hormuz,container,9
2025-08-25,Strait of Hormuz,gas,8
2025-08-25,Strait of Hormuz,general_cargo,6
2025-08-25,Strait of Hormuz,ro_ro,2
2025-08-26,Strait of Hormuz,tanker,40
2025-08-26,Strait of Hormuz,dry_bulk,15
2025-08-26,Strait of Hormuz,container,8
2025-08-26,Strait of Hormuz,gas,8
2025-08-26,Strait of Hormuz,general_cargo,5
2025-08-26,Strait of Hormuz,ro_ro,2
2025-08-27,Strait of Hormuz,tanker,34
2025-08-27,Strait of Hormuz,dry_bulk,13
2025-08-27,Strait of Hormuz,container,9
2025-08-27,Strait of Hormuz,gas,7
2025-08-27,Strait of Hormuz,general_cargo,5
2025-08-27,Strait of Hormuz,ro_ro,2
2025-08-28,Strait of Hormuz,tanker,38
2025-08-28,Strait of Hormuz,dry_bulk,14
2025-08-28,Strait of Hormuz,container,10
2025-08-28,Strait of Hormuz,gas,8
2025-08-28,Strait of Hormuz,general_cargo,5
2025-08-28,Strait of Hormuz,ro_ro,2
2025-08-29,Strait of Hormuz,tanker,30
2025-08-29,Strait of Hormuz,dry_bulk,14
2025-08-29,Strait of Hormuz,container,9
2025-08-29,Strait of Hormuz,gas,8
2025-08-29,Strait of Hormuz,general_cargo,6
2025-08-29,Strait of Hormuz,ro_ro,2
2025-08-30,Strait of Hormuz,tanker,34
2025-08-30,Strait of Hormuz,dry_bulk,14
2025-08-30,Strait of Hormuz,container,8
2025-08-30,Strait of Hormuz,gas,7
2025-08-30,Strait of Hormuz,general_cargo,6
2025-08-30,Strait of Hormuz,ro_ro,2
2025-08-31,Strait of Hormuz,tanker,38
2025-08-31,Strait of Hormuz,dry_bulk,14
2025-08-31,Strait of Hormuz,container,8
2025-08-31,Strait of Hormuz,gas,8
2025-08-31,Strait of Hormuz,general_cargo,6
2025-08-31,Strait of Hormuz,ro_ro,2
2025-09-01,Strait of Hormuz,tanker,35
2025-09-01,Strait of Hormuz,dry_bulk,13
2025-09-01,Strait of Hormuz,container,9
2025-09-01,Strait of Hormuz,gas,8
2025-09-01,Strait of Hormuz,general_cargo,5
2025-09-01,Strait of Hormuz,ro_ro,2
2025-09-02,Strait of Hormuz,tanker,33
2025-09-02,Strait of Hormuz,dry_bulk,14
2025-09-02,Strait of Hormuz,container,9
2025-09-02,Strait of Hormuz,gas,9
2025-09-02,Strait of Hormuz,general_cargo,5
2025-09-02,Strait of Hormuz,ro_ro,2
2025-09-03,Strait of Hormuz,tanker,38
2025-09-03,Strait of Hormuz,dry_bulk,14
2025-09-03,Strait of Hormuz,container,9
2025-09-03,Strait of Hormuz,gas,8
2025-09-03,Strait of Hormuz,general_cargo,5
2025-09-03,Strait of Hormuz,ro_ro,2
2025-09-04,Strait of Hormuz,tanker,36
2025-09-04,Strait of Hormuz,dry_bulk,15
2025-09-04,Strait of Hormuz,container,9
2025-09-04,Strait of Hormuz,gas,7
2025-09-04,Strait of Hormuz,general_cargo,5
2025-09-04,Strait of Hormuz,ro_ro,2
2025-09-05,Strait of Hormuz,tanker,42
2025-09-05,Strait of Hormuz,dry_bulk,14
2025-09-05,Strait of Hormuz,container,9
2025-09-05,Strait of Hormuz,gas,7
2025-09-05,Strait of Hormuz,general_cargo,5
2025-09-05,Strait of Hormuz,ro_ro,2
2025-09-06,Strait of Hormuz,tanker,32
2025-09-06,Strait of Hormuz,dry_bulk,13
2025-09-06,Strait of Hormuz,container,10
2025-09-06,Strait of Hormuz,gas,9
2025-09-06,Strait of Hormuz,general_cargo,5
2025-09-06,Strait of Hormuz,ro_ro,2
2025-09-07,Strait of Hormuz,tanker,36
2025-09-07,Strait of Hormuz,dry_bulk,13
2025-09-07,Strait of Hormuz,container,9
2025-09-07,Strait of Hormuz,gas,7
2025-09-07,Strait of Hormuz,general_cargo,5
2025-09-07,Strait of Hormuz,ro_ro,2
2025-09-08,Strait of Hormuz,tanker,32
2025-09-08,Strait of Hormuz,dry_bulk,12
2025-09-08,Strait of Hormuz,container,10
2025-09-08,Strait of Hormuz,gas,7
2025-09-08,Strait of Hormuz,general_cargo,5
2025-09-08,Strait of Hormuz,ro_ro,2
2025-09-09,Strait of Hormuz,tanker,40
2025-09-09,Strait of Hormuz,dry_bulk,14
2025-09-09,Strait of Hormuz,container,9
2025-09-09,Strait of Hormuz,gas,8
2025-09-09,Strait of Hormuz,general_cargo,6
2025-09-09,Strait of Hormuz,ro_ro,2
2025-09-10,Strait of Hormuz,tanker,40
2025-09-10,Strait of Hormuz,dry_bulk,15
2025-09-10,Strait of Hormuz,container,10
2025-09-10,Strait of Hormuz,gas,8
2025-09-10,Strait of Hormuz,general_cargo,6
2025-09-10,Strait of Hormuz,ro_ro,2
2025-09-11,Strait of Hormuz,tanker,33
2025-09-11,Strait of Hormuz,dry_bulk,15
2025-09-11,Strait of Hormuz,container,8
2025-09-11,Strait of Hormuz,gas,7
2025-09-11,Strait of Hormuz,general_cargo,6
2025-09-11,Strait of Hormuz,ro_ro,2
2025-09-12,Strait of Hormuz,tanker,42
2025-09-12,Strait of Hormuz,dry_bulk,14
2025-09-12,Strait of Hormuz,container,8
2025-09-12,Strait of Hormuz,gas,7
2025-09-12,Strait of Hormuz,general_cargo,6
2025-09-12,Strait of Hormuz,ro_ro,2
2025-09-13,Strait of Hormuz,tanker,39
2025-09-13,Strait of Hormuz,dry_bulk,13
2025-09-13,Strait of Hormuz,container,9
2025-09-13,Strait of Hormuz,gas,6
2025-09-13,Strait of Hormuz,general_cargo,5
2025-09-13,Strait of Hormuz,ro_ro,2
2025-09-14,Strait of Hormuz,tanker,33
2025-09-14,Strait of Hormuz,dry_bulk,13
2025-09-14,Strait of Hormuz,container,9
2025-09-14,Strait of Hormuz,gas,7
2025-09-14,Strait of Hormuz,general_cargo,6
2025-09-14,Strait of Hormuz,ro_ro,2
2025-09-15,Strait of Hormuz,tanker,36
2025-09-15,Strait of Hormuz,dry_bulk,11
2025-09-15,Strait of Hormuz,container,8
2025-09-15,Strait of Hormuz,gas,7
2025-09-15,Strait of Hormuz,general_cargo,5
2025-09-15,Strait of Hormuz,ro_ro,2
2025-09-16,Strait of Hormuz,tanker,36
2025-09-16,Strait of Hormuz,dry_bulk,15
2025-09-16,Strait of Hormuz,container,9
2025-09-16,Strait of Hormuz,gas,7
2025-09-16,Strait of Hormuz,general_cargo,5
2025-09-16,Strait of Hormuz,ro_ro,2
2025-09-17,Strait of Hormuz,tanker,43
2025-09-17,Strait of Hormuz,dry_bulk,11
2025-09-17,Strait of Hormuz,container,8
2025-09-17,Strait of Hormuz,gas,7
2025-09-17,Strait of Hormuz,general_cargo,6
2025-09-17,Strait of Hormuz,ro_ro,2
2025-09-18,Strait of Hormuz,tanker,38
2025-09-18,Strait of Hormuz,dry_bulk,13
2025-09-18,Strait of Hormuz,container,10
2025-09-18,Strait of Hormuz,gas,8
2025-09-18,Strait of Hormuz,general_cargo,6
2025-09-18,Strait of Hormuz,ro_ro,2
2025-09-19,Strait of Hormuz,tanker,38
2025-09-19,Strait of Hormuz,dry_bulk,13
2025-09-19,Strait of Hormuz,container,10
2025-09-19,Strait of Hormuz,gas,7
2025-09-19,Strait of Hormuz,general_cargo,6
2025-09-19,Strait of Hormuz,ro_ro,2
2025-09-20,Strait of Hormuz,tanker,27
2025-09-20,Strait of Hormuz,dry_bulk,11
2025-09-20,Strait of Hormuz,container,8
2025-09-20,Strait of Hormuz,gas,7
2025-09-20,Strait of Hormuz,general_cargo,5
2025-09-20,Strait of Hormuz,ro_ro,2
2025-09-21,Strait of Hormuz,tanker,32
2025-09-21,Strait of Hormuz,dry_bulk,12
2025-09-21,Strait of Hormuz,container,11
2025-09-21,Strait of Hormuz,gas,8
2025-09-21,Strait of Hormuz,general_cargo,5
2025-09-21,Strait of Hormuz,ro_ro,2
2025-09-22,Strait of Hormuz,tanker,33
2025-09-22,Strait of Hormuz,dry_bulk,11
2025-09-22,Strait of Hormuz,container,9
2025-09-22,Strait of Hormuz,gas,7
2025-09-22,Strait of Hormuz,general_cargo,5
2025-09-22,Strait of Hormuz,ro_ro,2
2025-09-23,Strait of Hormuz,tanker,34
2025-09-23,Strait of Hormuz,dry_bulk,14
2025-09-23,Strait of Hormuz,container,10
2025-09-23,Strait of Hormuz,gas,8
2025-09-23,Strait of Hormuz,general_cargo,5
2025-09-23,Strait of Hormuz,ro_ro,2
2025-09-24,Strait of Hormuz,tanker,34
2025-09-24,Strait of Hormuz,dry_bulk,15
2025-09-24,Strait of Hormuz,container,9
2025-09-24,Strait of Hormuz,gas,6
2025-09-24,Strait of Hormuz,general_cargo,5
2025-09-24,Strait of Hormuz,ro_ro,2
2025-09-25,Strait of Hormuz,tanker,39
2025-09-25,Strait of Hormuz,dry_bulk,14
2025-09-25,Strait of Hormuz,container,10
2025-09-25,Strait of Hormuz,gas,8
2025-09-25,Strait of Hormuz,general_cargo,5
2025-09-25,Strait of Hormuz,ro_ro,2
2025-09-26,Strait of Hormuz,tanker,43
2025-09-26,Strait of Hormuz,dry_bulk,16
2025-09-26,Strait of Hormuz,container,8
2025-09-26,Strait of Hormuz,gas,7
2025-09-26,Strait of Hormuz,general_cargo,6
2025-09-26,Strait of Hormuz,ro_ro,2
2025-09-27,Strait of Hormuz,tanker,31
2025-09-27,Strait of Hormuz,dry_bulk,13
2025-09-27,Strait of Hormuz,container,9
2025-09-27,Strait of Hormuz,gas,7
2025-09-27,Strait of Hormuz,general_cargo,5
2025-09-27,Strait of Hormuz,ro_ro,2
2025-09-28,Strait of Hormuz,tanker,33
2025-09-28,Strait of Hormuz,dry_bulk,12
2025-09-28,Strait of Hormuz,container,11
2025-09-28,Strait of Hormuz,gas,7
2025-09-28,Strait of Hormuz,general_cargo,6
2025-09-28,Strait of Hormuz,ro_ro,2
2025-09-29,Strait of Hormuz,tanker,36
2025-09-29,Strait of Hormuz,dry_bulk,13
2025-09-29,Strait of Hormuz,container,7
2025-09-29,Strait of Hormuz,gas,6
2025-09-29,Strait of Hormuz,general_cargo,5
2025-09-29,Strait of Hormuz,ro_ro,1
2025-09-30,Strait of Hormuz,tanker,33
2025-09-30,Strait of Hormuz,dry_bulk,15
2025-09-30,Strait of Hormuz,container,9
2025-09-30,Strait of Hormuz,gas,8
2025-09-30,Strait of Hormuz,general_cargo,6
2025-09-30,Strait of Hormuz,ro_ro,2
2025-10-01,Strait of Hormuz,tanker,34
2025-10-01,Strait of Hormuz,dry_bulk,14
2025-10-01,Strait of Hormuz,container,10
2025-10-01,Strait of Hormuz,gas,7
2025-10-01,Strait of Hormuz,general_cargo,6
2025-10-01,Strait of Hormuz,ro_ro,2
2025-10-02,Strait of Hormuz,tanker,35
2025-10-02,Strait of Hormuz,dry_bulk,12
2025-10-02,Strait of Hormuz,container,8
2025-10-02,Strait of Hormuz,gas,7
2025-10-02,Strait of Hormuz,general_cargo,6
2025-10-02,Strait of Hormuz,ro_ro,2
2025-10-03,Strait of Hormuz,tanker,37
2025-10-03,Strait of Hormuz,dry_bulk,15
2025-10-03,Strait of Hormuz,container,10
2025-10-03,Strait of Hormuz,gas,8
2025-10-03,Strait of Hormuz,general_cargo,6
2025-10-03,Strait of Hormuz,ro_ro,2
2025-10-04,Strait of Hormuz,tanker,40
2025-10-04,Strait of Hormuz,dry_bulk,12
2025-10-04,Strait of Hormuz,container,10
2025-10-04,Strait of Hormuz,gas,7
2025-10-04,Strait of Hormuz,general_cargo,5
2025-10-04,Strait of Hormuz,ro_ro,1
2025-10-05,Strait of Hormuz,tanker,34
2025-10-05,Strait of Hormuz,dry_bulk,11
2025-10-05,Strait of Hormuz,container,10
2025-10-05,Strait of Hormuz,gas,8
2025-10-05,Strait of Hormuz,general_cargo,5
2025-10-05,Strait of Hormuz,ro_ro,2
2025-10-06,Strait of Hormuz,tanker,34
2025-10-06,Strait of Hormuz,dry_bulk,13
2025-10-06,Strait of Hormuz,container,10
2025-10-06,Strait of Hormuz,gas,7
2025-10-06,Strait of Hormuz,general_cargo,6
2025-10-06,Strait of Hormuz,ro_ro,2
2025-10-07,Strait of Hormuz,tanker,40
2025-10-07,Strait of Hormuz,dry_bulk,14
2025-10-07,Strait of Hormuz,container,10
2025-10-07,Strait of Hormuz,gas,7
2025-10-07,Strait of Hormuz,general_cargo,5
2025-10-07,Strait of Hormuz,ro_ro,2
2025-10-08,Strait of Hormuz,tanker,34
2025-10-08,Strait of Hormuz,dry_bulk,15
2025-10-08,Strait of Hormuz,container,10
2025-10-08,Strait of Hormuz,gas,8
2025-10-08,Strait of Hormuz,general_cargo,6
2025-10-08,Strait of Hormuz,ro_ro,2
2025-10-09,Strait of Hormuz,tanker,36
2025-10-09,Strait of Hormuz,dry_bulk,14
2025-10-09,Strait of Hormuz,container,9
2025-10-09,Strait of Hormuz,gas,7
2025-10-09,Strait of Hormuz,general_cargo,5
2025-10-09,Strait of Hormuz,ro_ro,2
2025-10-10,Strait of Hormuz,tanker,38
2025-10-10,Strait of Hormuz,dry_bulk,14
2025-10-10,Strait of Hormuz,container,10
2025-10-10,Strait of Hormuz,gas,6
2025-10-10,Strait of Hormuz,general_cargo,5
2025-10-10,Strait of Hormuz,ro_ro,2
2025-10-11,Strait of Hormuz,tanker,35
2025-10-11,Strait of Hormuz,dry_bulk,13
2025-10-11,Strait of Hormuz,container,8
2025-10-11,Strait of Hormuz,gas,7
2025-10-11,Strait of Hormuz,general_cargo,6
2025-10-11,Strait of Hormuz,ro_ro,2
2025-10-12,Strait of Hormuz,tanker,36
2025-10-12,Strait of Hormuz,dry_bulk,13
2025-10-12,Strait of Hormuz,container,8
2025-10-12,Strait of Hormuz,gas,6
2025-10-12,Strait of Hormuz,general_cargo,5
2025-10-12,Strait of Hormuz,ro_ro,2
2025-10-13,Strait of Hormuz,tanker,32
2025-10-13,Strait of Hormuz,dry_bulk,13
2025-10-13,Strait of Hormuz,container,8
2025-10-13,Strait of Hormuz,gas,7
2025-10-13,Strait of Hormuz,general_cargo,6
2025-10-13,Strait of Hormuz,ro_ro,1
2025-10-14,Strait of Hormuz,tanker,39
2025-10-14,Strait of Hormuz,dry_bulk,15
2025-10-14,Strait of Hormuz,container,9
2025-10-14,Strait of Hormuz,gas,6
2025-10-14,Strait of Hormuz,general_cargo,5
2025-10-14,Strait of Hormuz,ro_ro,2
2025-10-15,Strait of Hormuz,tanker,28
2025-10-15,Strait of Hormuz,dry_bulk,13
2025-10-15,Strait of Hormuz,container,8
2025-10-15,Strait of Hormuz,gas,8
2025-10-15,Strait of Hormuz,general_cargo,5
2025-10-15,Strait of Hormuz,ro_ro,2
2025-10-16,Strait of Hormuz,tanker,39
2025-10-16,Strait of Hormuz,dry_bulk,16
2025-10-16,Strait of Hormuz,container,9
2025-10-16,Strait of Hormuz,gas,8
2025-10-16,Strait of Hormuz,general_cargo,5
2025-10-16,Strait of Hormuz,ro_ro,2
2025-10-17,Strait of Hormuz,tanker,34
2025-10-17,Strait of Hormuz,dry_bulk,13
2025-10-17,Strait of Hormuz,container,9
2025-10-17,Strait of Hormuz,gas,6
2025-10-17,Strait of Hormuz,general_cargo,6
2025-10-17,Strait of Hormuz,ro_ro,2
2025-10-18,Strait of Hormuz,tanker,36
2025-10-18,Strait of Hormuz,dry_bulk,11
2025-10-18,Strait of Hormuz,container,9
2025-10-18,Strait of Hormuz,gas,7
2025-10-18,Strait of Hormuz,general_cargo,4
2025-10-18,Strait of Hormuz,ro_ro,2
2025-10-19,Strait of Hormuz,tanker,38
2025-10-19,Strait of Hormuz,dry_bulk,13
2025-10-19,Strait of Hormuz,container,9
2025-10-19,Strait of Hormuz,gas,8
2025-10-19,Strait of Hormuz,general_cargo,5
2025-10-19,Strait of Hormuz,ro_ro,2
2025-10-20,Strait of Hormuz,tanker,46
2025-10-20,Strait of Hormuz,dry_bulk,14
2025-10-20,Strait of Hormuz,container,9
2025-10-20,Strait of Hormuz,gas,8
2025-10-20,Strait of Hormuz,general_cargo,6
2025-10-20,Strait of Hormuz,ro_ro,2
2025-10-21,Strait of Hormuz,tanker,34
2025-10-21,Strait of Hormuz,dry_bulk,17
2025-10-21,Strait of Hormuz,container,10
2025-10-21,Strait of Hormuz,gas,7
2025-10-21,Strait of Hormuz,general_cargo,6
2025-10-21,Strait of Hormuz,ro_ro,2
2025-10-22,Strait of Hormuz,tanker,36
2025-10-22,Strait of Hormuz,dry_bulk,15
2025-10-22,Strait of Hormuz,container,8
2025-10-22,Strait of Hormuz,gas,8
2025-10-22,Strait of Hormuz,general_cargo,7
2025-10-22,Strait of Hormuz,ro_ro,2
2025-10-23,Strait of Hormuz,tanker,36
2025-10-23,Strait of Hormuz,dry_bulk,13
2025-10-23,Strait of Hormuz,container,9
2025-10-23,Strait of Hormuz,gas,7
2025-10-23,Strait of Hormuz,general_cargo,5
2025-10-23,Strait of Hormuz,ro_ro,2
2025-10-24,Strait of Hormuz,tanker,31
2025-10-24,Strait of Hormuz,dry_bulk,15
2025-10-24,Strait of Hormuz,container,9
2025-10-24,Strait of Hormuz,gas,8
2025-10-24,Strait of Hormuz,general_cargo,5
2025-10-24,Strait of Hormuz,ro_ro,2
2025-10-25,Strait of Hormuz,tanker,39
2025-10-25,Strait of Hormuz,dry_bulk,14
2025-10-25,Strait of Hormuz,container,8
2025-10-25,Strait of Hormuz,gas,8
2025-10-25,Strait of Hormuz,general_cargo,5
2025-10-25,Strait of Hormuz,ro_ro,2
2025-10-26,Strait of Hormuz,tanker,35
2025-10-26,Strait of Hormuz,dry_bulk,14
2025-10-26,Strait of Hormuz,container,9
2025-10-26,Strait of Hormuz,gas,7
2025-10-26,Strait of Hormuz,general_cargo,5
2025-10-26,Strait of Hormuz,ro_ro,2
2025-10-27,Strait of Hormuz,tanker,41
2025-10-27,Strait of Hormuz,dry_bulk,10
2025-10-27,Strait of Hormuz,container,9
2025-10-27,Strait of Hormuz,gas,7
2025-10-27,Strait of Hormuz,general_cargo,5
2025-10-27,Strait of Hormuz,ro_ro,2
2025-10-28,Strait of Hormuz,tanker,41
2025-10-28,Strait of Hormuz,dry_bulk,13
2025-10-28,Strait of Hormuz,container,10
2025-10-28,Strait of Hormuz,gas,7
2025-10-28,Strait of Hormuz,general_cargo,5
2025-10-28,Strait of Hormuz,ro_ro,2
2025-10-29,Strait of Hormuz,tanker,35
2025-10-29,Strait of Hormuz,dry_bulk,15
2025-10-29,Strait of Hormuz,container,8
2025-10-29,Strait of Hormuz,gas,9
2025-10-29,Strait of Hormuz,general_cargo,6
2025-10-29,Strait of Hormuz,ro_ro,2
2025-10-30,Strait of Hormuz,tanker,39
2025-10-30,Strait of Hormuz,dry_bulk,12
2025-10-30,Strait of Hormuz,container,10
2025-10-30,Strait of Hormuz,gas,7
2025-10-30,Strait of Hormuz,general_cargo,5
2025-10-30,Strait of Hormuz,ro_ro,2
2025-10-31,Strait of Hormuz,tanker,35
2025-10-31,Strait of Hormuz,dry_bulk,15
2025-10-31,Strait of Hormuz,container,10
2025-10-31,Strait of Hormuz,gas,8
2025-10-31,Strait of Hormuz,general_cargo,6
2025-10-31,Strait of Hormuz,ro_ro,2
2025-11-01,Strait of Hormuz,tanker,34
2025-11-01,Strait of Hormuz,dry_bulk,16
2025-11-01,Strait of Hormuz,container,8
2025-11-01,Strait of Hormuz,gas,8
2025-11-01,Strait of Hormuz,general_cargo,6
2025-11-01,Strait of Hormuz,ro_ro,2
2025-11-02,Strait of Hormuz,tanker,43
2025-11-02,Strait of Hormuz,dry_bulk,14
2025-11-02,Strait of Hormuz,container,10
2025-11-02,Strait of Hormuz,gas,7
2025-11-02,Strait of Hormuz,general_cargo,5
2025-11-02,Strait of Hormuz,ro_ro,2
2025-11-03,Strait of Hormuz,tanker,39
2025-11-03,Strait of Hormuz,dry_bulk,16
2025-11-03,Strait of Hormuz,container,9
2025-11-03,Strait of Hormuz,gas,7
2025-11-03,Strait of Hormuz,general_cargo,6
2025-11-03,Strait of Hormuz,ro_ro,2
2025-11-04,Strait of Hormuz,tanker,40
2025-11-04,Strait of Hormuz,dry_bulk,15
2025-11-04,Strait of Hormuz,container,9
2025-11-04,Strait of Hormuz,gas,7
2025-11-04,Strait of Hormuz,general_cargo,5
2025-11-04,Strait of Hormuz,ro_ro,2
2025-11-05,Strait of Hormuz,tanker,38
2025-11-05,Strait of Hormuz,dry_bulk,14
2025-11-05,Strait of Hormuz,container,9
2025-11-05,Strait of Hormuz,gas,5
2025-11-05,Strait of Hormuz,general_cargo,5
2025-11-05,Strait of Hormuz,ro_ro,2
2025-11-06,Strait of Hormuz,tanker,35
2025-11-06,Strait of Hormuz,dry_bulk,14
2025-11-06,Strait of Hormuz,container,8
2025-11-06,Strait of Hormuz,gas,8
2025-11-06,Strait of Hormuz,general_cargo,6
2025-11-06,Strait of Hormuz,ro_ro,2
2025-11-07,Strait of Hormuz,tanker,45
2025-11-07,Strait of Hormuz,dry_bulk,16
2025-11-07,Strait of Hormuz,container,9
2025-11-07,Strait of Hormuz,gas,7
2025-11-07,Strait of Hormuz,general_cargo,5
2025-11-07,Strait of Hormuz,ro_ro,2
2025-11-08,Strait of Hormuz,tanker,35
2025-11-08,Strait of Hormuz,dry_bulk,13
2025-11-08,Strait of Hormuz,container,10
2025-11-08,Strait of Hormuz,gas,7
2025-11-08,Strait of Hormuz,general_cargo,6
2025-11-08,Strait of Hormuz,ro_ro,2
2025-11-09,Strait of Hormuz,tanker,41
2025-11-09,Strait of Hormuz,dry_bulk,14
2025-11-09,Strait of Hormuz,container,10
2025-11-09,Strait of Hormuz,gas,7
2025-11-09,Strait of Hormuz,general_cargo,5
2025-11-09,Strait of Hormuz,ro_ro,2
2025-11-10,Strait of Hormuz,tanker,41
2025-11-10,Strait of Hormuz,dry_bulk,14
2025-11-10,Strait of Hormuz,container,8
2025-11-10,Strait of Hormuz,gas,7
2025-11-10,Strait of Hormuz,general_cargo,5
2025-11-10,Strait of Hormuz,ro_ro,2
2025-11-11,Strait of Hormuz,tanker,38
2025-11-11,Strait of Hormuz,dry_bulk,16
2025-11-11,Strait of Hormuz,container,9
2025-11-11,Strait of Hormuz,gas,6
2025-11-11,Strait of Hormuz,general_cargo,6
2025-11-11,Strait of Hormuz,ro_ro,2
2025-11-12,Strait of Hormuz,tanker,45
2025-11-12,Strait of Hormuz,dry_bulk,12
2025-11-12,Strait of Hormuz,container,9
2025-11-12,Strait of Hormuz,gas,9
2025-11-12,Strait of Hormuz,general_cargo,6
2025-11-12,Strait of Hormuz,ro_ro,2
2025-11-13,Strait of Hormuz,tanker,38
2025-11-13,Strait of Hormuz,dry_bulk,15
2025-11-13,Strait of Hormuz,container,10
2025-11-13,Strait of Hormuz,gas,7
2025-11-13,Strait of Hormuz,general_cargo,6
2025-11-13,Strait of Hormuz,ro_ro,2
2025-11-14,Strait of Hormuz,tanker,39
2025-11-14,Strait of Hormuz,dry_bulk,14
2025-11-14,Strait of Hormuz,container,9
2025-11-14,Strait of Hormuz,gas,8
2025-11-14,Strait of Hormuz,general_cargo,5
2025-11-14,Strait of Hormuz,ro_ro,2
2025-11-15,Strait of Hormuz,tanker,35
2025-11-15,Strait of Hormuz,dry_bulk,12
2025-11-15,Strait of Hormuz,container,9
2025-11-15,Strait of Hormuz,gas,6
2025-11-15,Strait of Hormuz,general_cargo,6
2025-11-15,Strait of Hormuz,ro_ro,2
2025-11-16,Strait of Hormuz,tanker,34
2025-11-16,Strait of Hormuz,dry_bulk,13
2025-11-16,Strait of Hormuz,container,10
2025-11-16,Strait of Hormuz,gas,7
2025-11-16,Strait of Hormuz,general_cargo,5
2025-11-16,Strait of Hormuz,ro_ro,2
2025-11-17,Strait of Hormuz,tanker,31
2025-11-17,Strait of Hormuz,dry_bulk,14
2025-11-17,Strait of Hormuz,container,11
2025-11-17,Strait of Hormuz,gas,8
2025-11-17,Strait of Hormuz,general_cargo,6
2025-11-17,Strait of Hormuz,ro_ro,2
2025-11-18,Strait of Hormuz,tanker,41
2025-11-18,Strait of Hormuz,dry_bulk,12
2025-11-18,Strait of Hormuz,container,8
2025-11-18,Strait of Hormuz,gas,8
2025-11-18,Strait of Hormuz,general_cargo,5
2025-11-18,Strait of Hormuz,ro_ro,2
2025-11-19,Strait of Hormuz,tanker,37
2025-11-19,Strait of Hormuz,dry_bulk,12
2025-11-19,Strait of Hormuz,container,8
2025-11-19,Strait of Hormuz,gas,6
2025-11-19,Strait of Hormuz,general_cargo,6
2025-11-19,Strait of Hormuz,ro_ro,2
2025-11-20,Strait of Hormuz,tanker,36
2025-11-20,Strait of Hormuz,dry_bulk,16
2025-11-20,Strait of Hormuz,container,11
2025-11-20,Strait of Hormuz,gas,7
2025-11-20,Strait of Hormuz,general_cargo,5
2025-11-20,Strait of Hormuz,ro_ro,2
2025-11-21,Strait of Hormuz,tanker,40
2025-11-21,Strait of Hormuz,dry_bulk,15
2025-11-21,Strait of Hormuz,container,10
2025-11-21,Strait of Hormuz,gas,7
2025-11-21,Strait of Hormuz,general_cargo,7
2025-11-21,Strait of Hormuz,ro_ro,2
2025-11-22,Strait of Hormuz,tanker,39
2025-11-22,Strait of Hormuz,dry_bulk,11
2025-11-22,Strait of Hormuz,container,8
2025-11-22,Strait of Hormuz,gas,8
2025-11-22,Strait of Hormuz,general_cargo,5
2025-11-22,Strait of Hormuz,ro_ro,2
2025-11-23,Strait of Hormuz,tanker,37
2025-11-23,Strait of Hormuz,dry_bulk,13
2025-11-23,Strait of Hormuz,container,10
2025-11-23,Strait of Hormuz,gas,7
2025-11-23,Strait of Hormuz,general_cargo,5
2025-11-23,Strait of Hormuz,ro_ro,2
2025-11-24,Strait of Hormuz,tanker,40
2025-11-24,Strait of Hormuz,dry_bulk,15
2025-11-24,Strait of Hormuz,container,8
2025-11-24,Strait of Hormuz,gas,7
2025-11-24,Strait of Hormuz,general_cargo,5
2025-11-24,Strait of Hormuz,ro_ro,2
2025-11-25,Strait of Hormuz,tanker,33
2025-11-25,Strait of Hormuz,dry_bulk,13
2025-11-25,Strait of Hormuz,container,9
2025-11-25,Strait of Hormuz,gas,8
2025-11-25,Strait of Hormuz,general_cargo,6
2025-11-25,Strait of Hormuz,ro_ro,2
2025-11-26,Strait of Hormuz,tanker,27
2025-11-26,Strait of Hormuz,dry_bulk,14
2025-11-26,Strait of Hormuz,container,9
2025-11-26,Strait of Hormuz,gas,7
2025-11-26,Strait of Hormuz,general_cargo,5
2025-11-26,Strait of Hormuz,ro_ro,2
2025-11-27,Strait of Hormuz,tanker,24
2025-11-27,Strait of Hormuz,dry_bulk,15
2025-11-27,Strait of Hormuz,container,10
2025-11-27,Strait of Hormuz,gas,7
2025-11-27,Strait of Hormuz,general_cargo,6
2025-11-27,Strait of Hormuz,ro_ro,2
2025-11-28,Strait of Hormuz,tanker,28
2025-11-28,Strait of Hormuz,dry_bulk,14
2025-11-28,Strait of Hormuz,container,8
2025-11-28,Strait of Hormuz,gas,7
2025-11-28,Strait of Hormuz,general_cargo,6
2025-11-28,Strait of Hormuz,ro_ro,2
2025-11-29,Strait of Hormuz,tanker,21
2025-11-29,Strait of Hormuz,dry_bulk,14
2025-11-29,Strait of Hormuz,container,10
2025-11-29,Strait of Hormuz,gas,7
2025-11-29,Strait of Hormuz,general_cargo,6
2025-11-29,Strait of Hormuz,ro_ro,2
2025-11-30,Strait of Hormuz,tanker,26
2025-11-30,Strait of Hormuz,dry_bulk,12
2025-11-30,Strait of Hormuz,container,7
2025-11-30,Strait of Hormuz,gas,8
2025-11-30,Strait of Hormuz,general_cargo,5
2025-11-30,Strait of Hormuz,ro_ro,2
2025-12-01,Strait of Hormuz,tanker,24
2025-12-01,Strait of Hormuz,dry_bulk,13
2025-12-01,Strait of Hormuz,container,9
2025-12-01,Strait of Hormuz,gas,7
2025-12-01,Strait of Hormuz,general_cargo,6
2025-12-01,Strait of Hormuz,ro_ro,2
2025-12-02,Strait of Hormuz,tanker,29
2025-12-02,Strait of Hormuz,dry_bulk,15
2025-12-02,Strait of Hormuz,container,11
2025-12-02,Strait of Hormuz,gas,7
2025-12-02,Strait of Hormuz,general_cargo,6
2025-12-02,Strait of Hormuz,ro_ro,2
2025-12-03,Strait of Hormuz,tanker,31
2025-12-03,Strait of Hormuz,dry_bulk,13
2025-12-03,Strait of Hormuz,container,9
2025-12-03,Strait of Hormuz,gas,9
2025-12-03,Strait of Hormuz,general_cargo,6
2025-12-03,Strait of Hormuz,ro_ro,2
2025-12-04,Strait of Hormuz,tanker,27
2025-12-04,Strait of Hormuz,dry_bulk,14
2025-12-04,Strait of Hormuz,container,10
2025-12-04,Strait of Hormuz,gas,8
2025-12-04,Strait of Hormuz,general_cargo,6
2025-12-04,Strait of Hormuz,ro_ro,2
2025-12-05,Strait of Hormuz,tanker,26
2025-12-05,Strait of Hormuz,dry_bulk,15
2025-12-05,Strait of Hormuz,container,12
2025-12-05,Strait of Hormuz,gas,6
2025-12-05,Strait of Hormuz,general_cargo,6
2025-12-05,Strait of Hormuz,ro_ro,2
2025-12-06,Strait of Hormuz,tanker,28
2025-12-06,Strait of Hormuz,dry_bulk,14
2025-12-06,Strait of Hormuz,container,10
2025-12-06,Strait of Hormuz,gas,8
2025-12-06,Strait of Hormuz,general_cargo,6
2025-12-06,Strait of Hormuz,ro_ro,2
2025-12-07,Strait of Hormuz,tanker,21
2025-12-07,Strait of Hormuz,dry_bulk,16
2025-12-07,Strait of Hormuz,container,10
2025-12-07,Strait of Hormuz,gas,8
2025-12-07,Strait of Hormuz,general_cargo,5
2025-12-07,Strait of Hormuz,ro_ro,2
2025-12-08,Strait of Hormuz,tanker,28
2025-12-08,Strait of Hormuz,dry_bulk,15
2025-12-08,Strait of Hormuz,container,10
2025-12-08,Strait of Hormuz,gas,9
2025-12-08,Strait of Hormuz,general_cargo,5
2025-12-08,Strait of Hormuz,ro_ro,2
2025-12-09,Strait of Hormuz,tanker,28
2025-12-09,Strait of Hormuz,dry_bulk,14
2025-12-09,Strait of Hormuz,container,8
2025-12-09,Strait of Hormuz,gas,8
2025-12-09,Strait of Hormuz,general_cargo,5
2025-12-09,Strait of Hormuz,ro_ro,2
2025-12-10,Strait of Hormuz,tanker,24
2025-12-10,Strait of Hormuz,dry_bulk,15
2025-12-10,Strait of Hormuz,container,10
2025-12-10,Strait of Hormuz,gas,9
2025-12-10,Strait of Hormuz,general_cargo,6
2025-12-10,Strait of Hormuz,ro_ro,2
2025-12-11,Strait of Hormuz,tanker,27
2025-12-11,Strait of Hormuz,dry_bulk,16
2025-12-11,Strait of Hormuz,container,10
2025-12-11,Strait of Hormuz,gas,8
2025-12-11,Strait of Hormuz,general_cargo,6
2025-12-11,Strait of Hormuz,ro_ro,2
2025-12-12,Strait of Hormuz,tanker,29
2025-12-12,Strait of Hormuz,dry_bulk,12
2025-12-12,Strait of Hormuz,container,10
2025-12-12,Strait of Hormuz,gas,8
2025-12-12,Strait of Hormuz,general_cargo,7
2025-12-12,Strait of Hormuz,ro_ro,2
2025-12-13,Strait of Hormuz,tanker,27
2025-12-13,Strait of Hormuz,dry_bulk,16
2025-12-13,Strait of Hormuz,container,10
2025-12-13,Strait of Hormuz,gas,7
2025-12-13,Strait of Hormuz,general_cargo,6
2025-12-13,Strait of Hormuz,ro_ro,2
2025-12-14,Strait of Hormuz,tanker,27
2025-12-14,Strait of Hormuz,dry_bulk,13
2025-12-14,Strait of Hormuz,container,9
2025-12-14,Strait of Hormuz,gas,6
2025-12-14,Strait of Hormuz,general_cargo,6
2025-12-14,Strait of Hormuz,ro_ro,2
2025-12-15,Strait of Hormuz,tanker,27
2025-12-15,Strait of Hormuz,dry_bulk,13
2025-12-15,Strait of Hormuz,container,11
2025-12-15,Strait of Hormuz,gas,8
2025-12-15,Strait of Hormuz,general_cargo,5
2025-12-15,Strait of Hormuz,ro_ro,2
2025-12-16,Strait of Hormuz,tanker,24
2025-12-16,Strait of Hormuz,dry_bulk,13
2025-12-16,Strait of Hormuz,container,9
2025-12-16,Strait of Hormuz,gas,9
2025-12-16,Strait of Hormuz,general_cargo,6
2025-12-16,Strait of Hormuz,ro_ro,2
2025-12-17,Strait of Hormuz,tanker,27
2025-12-17,Strait of Hormuz,dry_bulk,15
2025-12-17,Strait of Hormuz,container,10
2025-12-17,Strait of Hormuz,gas,8
2025-12-17,Strait of Hormuz,general_cargo,6
2025-12-17,Strait of Hormuz,ro_ro,2
2025-12-18,Strait of Hormuz,tanker,24
2025-12-18,Strait of Hormuz,dry_bulk,14
2025-12-18,Strait of Hormuz,container,9
2025-12-18,Strait of Hormuz,gas,8
2025-12-18,Strait of Hormuz,general_cargo,6
2025-12-18,Strait of Hormuz,ro_ro,2
2025-12-19,Strait of Hormuz,tanker,24
2025-12-19,Strait of Hormuz,dry_bulk,15
2025-12-19,Strait of Hormuz,container,9
2025-12-19,Strait of Hormuz,gas,8
2025-12-19,Strait of Hormuz,general_cargo,6
2025-12-19,Strait of Hormuz,ro_ro,2
2025-12-20,Strait of Hormuz,tanker,27
2025-12-20,Strait of Hormuz,dry_bulk,16
2025-12-20,Strait of Hormuz,container,9
2025-12-20,Strait of Hormuz,gas,8
2025-12-20,Strait of Hormuz,general_cargo,6
2025-12-20,Strait of Hormuz,ro_ro,2
2025-12-21,Strait of Hormuz,tanker,26
2025-12-21,Strait of Hormuz,dry_bulk,11
2025-12-21,Strait of Hormuz,container,10
2025-12-21,Strait of Hormuz,gas,7
2025-12-21,Strait of Hormuz,general_cargo,5
2025-12-21,Strait of Hormuz,ro_ro,2
2025-12-22,Strait of Hormuz,tanker,27
2025-12-22,Strait of Hormuz,dry_bulk,14
2025-12-22,Strait of Hormuz,container,10
2025-12-22,Strait of Hormuz,gas,7
2025-12-22,Strait of Hormuz,general_cargo,6
2025-12-22,Strait of Hormuz,ro_ro,2
2025-12-23,Strait of Hormuz,tanker,27
2025-12-23,Strait of Hormuz,dry_bulk,17
2025-12-23,Strait of Hormuz,container,11
2025-12-23,Strait of Hormuz,gas,8
2025-12-23,Strait of Hormuz,general_cargo,5
2025-12-23,Strait of Hormuz,ro_ro,2
2025-12-24,Strait of Hormuz,tanker,29
2025-12-24,Strait of Hormuz,dry_bulk,15
2025-12-24,Strait of Hormuz,container,10
2025-12-24,Strait of Hormuz,gas,8
2025-12-24,Strait of Hormuz,general_cargo,6
2025-12-24,Strait of Hormuz,ro_ro,2
2025-12-25,Strait of Hormuz,tanker,27
2025-12-25,Strait of Hormuz,dry_bulk,16
2025-12-25,Strait of Hormuz,container,9
2025-12-25,Strait of Hormuz,gas,8
2025-12-25,Strait of Hormuz,general_cargo,6
2025-12-25,Strait of Hormuz,ro_ro,2
2025-12-26,Strait of Hormuz,tanker,27
2025-12-26,Strait of Hormuz,dry_bulk,17
2025-12-26,Strait of Hormuz,container,10
2025-12-26,Strait of Hormuz,gas,7
2025-12-26,Strait of Hormuz,general_cargo,6
2025-12-26,Strait of Hormuz,ro_ro,2
2025-12-27,Strait of Hormuz,tanker,26
2025-12-27,Strait of Hormuz,dry_bulk,15
2025-12-27,Strait of Hormuz,container,9
2025-12-27,Strait of Hormuz,gas,8
2025-12-27,Strait of Hormuz,general_cargo,5
2025-12-27,Strait of Hormuz,ro_ro,2
2025-12-28,Strait of Hormuz,tanker,26
2025-12-28,Strait of Hormuz,dry_bulk,13
2025-12-28,Strait of Hormuz,container,10
2025-12-28,Strait of Hormuz,gas,8
2025-12-28,Strait of Hormuz,general_cargo,7
2025-12-28,Strait of Hormuz,ro_ro,2
2025-12-29,Strait of Hormuz,tanker,26
2025-12-29,Strait of Hormuz,dry_bulk,15
2025-12-29,Strait of Hormuz,container,9
2025-12-29,Strait of Hormuz,gas,7
2025-12-29,Strait of Hormuz,general_cargo,6
2025-12-29,Strait of Hormuz,ro_ro,2
2025-12-30,Strait of Hormuz,tanker,26
2025-12-30,Strait of Hormuz,dry_bulk,15
2025-12-30,Strait of Hormuz,container,9
2025-12-30,Strait of Hormuz,gas,9
2025-12-30,Strait of Hormuz,general_cargo,5
2025-12-30,Strait of Hormuz,ro_ro,3
2025-12-31,Strait of Hormuz,tanker,27
2025-12-31,Strait of Hormuz,dry_bulk,15
2025-12-31,Strait of Hormuz,container,9
2025-12-31,Strait of Hormuz,gas,9
2025-12-31,Strait of Hormuz,general_cargo,7
2025-12-31,Strait of Hormuz,ro_ro,2
2026-01-01,Strait of Hormuz,tanker,25
2026-01-01,Strait of Hormuz,dry_bulk,15
2026-01-01,Strait of Hormuz,container,9
2026-01-01,Strait of Hormuz,gas,9
2026-01-01,Strait of Hormuz,general_cargo,6
2026-01-01,Strait of Hormuz,ro_ro,2
2026-01-02,Strait of Hormuz,tanker,22
2026-01-02,Strait of Hormuz,dry_bulk,14
2026-01-02,Strait of Hormuz,container,11
2026-01-02,Strait of Hormuz,gas,9
2026-01-02,Strait of Hormuz,general_cargo,7
2026-01-02,Strait of Hormuz,ro_ro,2
2026-01-03,Strait of Hormuz,tanker,28
2026-01-03,Strait of Hormuz,dry_bulk,16
2026-01-03,Strait of Hormuz,container,8
2026-01-03,Strait of Hormuz,gas,8
2026-01-03,Strait of Hormuz,general_cargo,6
2026-01-03,Strait of Hormuz,ro_ro,2
2026-01-04,Strait of Hormuz,tanker,23
2026-01-04,Strait of Hormuz,dry_bulk,14
2026-01-04,Strait of Hormuz,container,9
2026-01-04,Strait of Hormuz,gas,8
2026-01-04,Strait of Hormuz,general_cargo,5
2026-01-04,Strait of Hormuz,ro_ro,2
2026-01-05,Strait of Hormuz,tanker,29
2026-01-05,Strait of Hormuz,dry_bulk,16
2026-01-05,Strait of Hormuz,container,10
2026-01-05,Strait of Hormuz,gas,8
2026-01-05,Strait of Hormuz,general_cargo,6
2026-01-05,Strait of Hormuz,ro_ro,2
2026-01-06,Strait of Hormuz,tanker,42
2026-01-06,Strait of Hormuz,dry_bulk,15
2026-01-06,Strait of Hormuz,container,10
2026-01-06,Strait of Hormuz,gas,9
2026-01-06,Strait of Hormuz,general_cargo,5
2026-01-06,Strait of Hormuz,ro_ro,2
2026-01-07,Strait of Hormuz,tanker,41
2026-01-07,Strait of Hormuz,dry_bulk,15
2026-01-07,Strait of Hormuz,container,10
2026-01-07,Strait of Hormuz,gas,8
2026-01-07,Strait of Hormuz,general_cargo,6
2026-01-07,Strait of Hormuz,ro_ro,2
2026-01-08,Strait of Hormuz,tanker,42
2026-01-08,Strait of Hormuz,dry_bulk,15
2026-01-08,Strait of Hormuz,container,8
2026-01-08,Strait of Hormuz,gas,9
2026-01-08,Strait of Hormuz,general_cargo,7
2026-01-08,Strait of Hormuz,ro_ro,2
2026-01-09,Strait of Hormuz,tanker,37
2026-01-09,Strait of Hormuz,dry_bulk,16
2026-01-09,Strait of Hormuz,container,11
2026-01-09,Strait of Hormuz,gas,9
2026-01-09,Strait of Hormuz,general_cargo,6
2026-01-09,Strait of Hormuz,ro_ro,2
2026-01-10,Strait of Hormuz,tanker,41
2026-01-10,Strait of Hormuz,dry_bulk,15
2026-01-10,Strait of Hormuz,container,9
2026-01-10,Strait of Hormuz,gas,8
2026-01-10,Strait of Hormuz,general_cargo,6
2026-01-10,Strait of Hormuz,ro_ro,2
2026-01-11,Strait of Hormuz,tanker,39
2026-01-11,Strait of Hormuz,dry_bulk,14
2026-01-11,Strait of Hormuz,container,11
2026-01-11,Strait of Hormuz,gas,7
2026-01-11,Strait of Hormuz,general_cargo,5
2026-01-11,Strait of Hormuz,ro_ro,2
2026-01-12,Strait of Hormuz,tanker,44
2026-01-12,Strait of Hormuz,dry_bulk,13
2026-01-12,Strait of Hormuz,container,9
2026-01-12,Strait of Hormuz,gas,7
2026-01-12,Strait of Hormuz,general_cargo,6
2026-01-12,Strait of Hormuz,ro_ro,2
2026-01-13,Strait of Hormuz,tanker,39
2026-01-13,Strait of Hormuz,dry_bulk,16
2026-01-13,Strait of Hormuz,container,10
2026-01-13,Strait of Hormuz,gas,8
2026-01-13,Strait of Hormuz,general_cargo,6
2026-01-13,Strait of Hormuz,ro_ro,2
2026-01-14,Strait of Hormuz,tanker,43
2026-01-14,Strait of Hormuz,dry_bulk,14
2026-01-14,Strait of Hormuz,container,10
2026-01-14,Strait of Hormuz,gas,9
2026-01-14,Strait of Hormuz,general_cargo,6
2026-01-14,Strait of Hormuz,ro_ro,2
2026-01-15,Strait of Hormuz,tanker,43
2026-01-15,Strait of Hormuz,dry_bulk,14
2026-01-15,Strait of Hormuz,container,12
2026-01-15,Strait of Hormuz,gas,9
2026-01-15,Strait of Hormuz,general_cargo,6
2026-01-15,Strait of Hormuz,ro_ro,2
2026-01-16,Strait of Hormuz,tanker,40
2026-01-16,Strait of Hormuz,dry_bulk,16
2026-01-16,Strait of Hormuz,container,10
2026-01-16,Strait of Hormuz,gas,8
2026-01-16,Strait of Hormuz,general_cargo,7
2026-01-16,Strait of Hormuz,ro_ro,2
2026-01-17,Strait of Hormuz,tanker,37
2026-01-17,Strait of Hormuz,dry_bulk,13
2026-01-17,Strait of Hormuz,container,9
2026-01-17,Strait of Hormuz,gas,6
2026-01-17,Strait of Hormuz,general_cargo,6
2026-01-17,Strait of Hormuz,ro_ro,2
2026-01-18,Strait of Hormuz,tanker,44
2026-01-18,Strait of Hormuz,dry_bulk,12
2026-01-18,Strait of Hormuz,container,10
2026-01-18,Strait of Hormuz,gas,9
2026-01-18,Strait of Hormuz,general_cargo,6
2026-01-18,Strait of Hormuz,ro_ro,2
2026-01-19,Strait of Hormuz,tanker,34
2026-01-19,Strait of Hormuz,dry_bulk,16
2026-01-19,Strait of Hormuz,container,9
2026-01-19,Strait of Hormuz,gas,8
2026-01-19,Strait of Hormuz,general_cargo,5
2026-01-19,Strait of Hormuz,ro_ro,2
2026-01-20,Strait of Hormuz,tanker,45
2026-01-20,Strait of Hormuz,dry_bulk,14
2026-01-20,Strait of Hormuz,container,9
2026-01-20,Strait of Hormuz,gas,7
2026-01-20,Strait of Hormuz,general_cargo,6
2026-01-20,Strait of Hormuz,ro_ro,2
2026-01-21,Strait of Hormuz,tanker,35
2026-01-21,Strait of Hormuz,dry_bulk,16
2026-01-21,Strait of Hormuz,container,10
2026-01-21,Strait of Hormuz,gas,7
2026-01-21,Strait of Hormuz,general_cargo,6
2026-01-21,Strait of Hormuz,ro_ro,2
2026-01-22,Strait of Hormuz,tanker,43
2026-01-22,Strait of Hormuz,dry_bulk,15
2026-01-22,Strait of Hormuz,container,11
2026-01-22,Strait of Hormuz,gas,7
2026-01-22,Strait of Hormuz,general_cargo,6
2026-01-22,Strait of Hormuz,ro_ro,2
2026-01-23,Strait of Hormuz,tanker,39
2026-01-23,Strait of Hormuz,dry_bulk,16
2026-01-23,Strait of Hormuz,container,10
2026-01-23,Strait of Hormuz,gas,9
2026-01-23,Strait of Hormuz,general_cargo,6
2026-01-23,Strait of Hormuz,ro_ro,2
2026-01-24,Strait of Hormuz,tanker,43
2026-01-24,Strait of Hormuz,dry_bulk,11
2026-01-24,Strait of Hormuz,container,9
2026-01-24,Strait of Hormuz,gas,9
2026-01-24,Strait of Hormuz,general_cargo,6
2026-01-24,Strait of Hormuz,ro_ro,2
2026-01-25,Strait of Hormuz,tanker,35
2026-01-25,Strait of Hormuz,dry_bulk,16
2026-01-25,Strait of Hormuz,container,8
2026-01-25,Strait of Hormuz,gas,9
2026-01-25,Strait of Hormuz,general_cargo,6
2026-01-25,Strait of Hormuz,ro_ro,2
2026-01-26,Strait of Hormuz,tanker,39
2026-01-26,Strait of Hormuz,dry_bulk,14
2026-01-26,Strait of Hormuz,container,11
2026-01-26,Strait of Hormuz,gas,9
2026-01-26,Strait of Hormuz,general_cargo,5
2026-01-26,Strait of Hormuz,ro_ro,2
2026-01-27,Strait of Hormuz,tanker,38
2026-01-27,Strait of Hormuz,dry_bulk,17
2026-01-27,Strait of Hormuz,container,9
2026-01-27,Strait of Hormuz,gas,9
2026-01-27,Strait of Hormuz,general_cargo,6
2026-01-27,Strait of Hormuz,ro_ro,2
2026-01-28,Strait of Hormuz,tanker,39
2026-01-28,Strait of Hormuz,dry_bulk,14
2026-01-28,Strait of Hormuz,container,9
2026-01-28,Strait of Hormuz,gas,8
2026-01-28,Strait of Hormuz,general_cargo,6
2026-01-28,Strait of Hormuz,ro_ro,2
2026-01-29,Strait of Hormuz,tanker,40
2026-01-29,Strait of Hormuz,dry_bulk,13
2026-01-29,Strait of Hormuz,container,10
2026-01-29,Strait of Hormuz,gas,8
2026-01-29,Strait of Hormuz,general_cargo,6
2026-01-29,Strait of Hormuz,ro_ro,2
2026-01-30,Strait of Hormuz,tanker,42
2026-01-30,Strait of Hormuz,dry_bulk,16
2026-01-30,Strait of Hormuz,container,9
2026-01-30,Strait of Hormuz,gas,8
2026-01-30,Strait of Hormuz,general_cargo,6
2026-01-30,Strait of Hormuz,ro_ro,2
2026-01-31,Strait of Hormuz,tanker,43
2026-01-31,Strait of Hormuz,dry_bulk,13
2026-01-31,Strait of Hormuz,container,10
2026-01-31,Strait of Hormuz,gas,7
2026-01-31,Strait of Hormuz,general_cargo,6
2026-01-31,Strait of Hormuz,ro_ro,2
2026-02-01,Strait of Hormuz,tanker,39
2026-02-01,Strait of Hormuz,dry_bulk,15
2026-02-01,Strait of Hormuz,container,9
2026-02-01,Strait of Hormuz,gas,8
2026-02-01,Strait of Hormuz,general_cargo,6
2026-02-01,Strait of Hormuz,ro_ro,2
2026-02-02,Strait of Hormuz,tanker,40
2026-02-02,Strait of Hormuz,dry_bulk,17
2026-02-02,Strait of Hormuz,container,10
2026-02-02,Strait of Hormuz,gas,8
2026-02-02,Strait of Hormuz,general_cargo,6
2026-02-02,Strait of Hormuz,ro_ro,2
2026-02-03,Strait of Hormuz,tanker,37
2026-02-03,Strait of Hormuz,dry_bulk,17
2026-02-03,Strait of Hormuz,container,9
2026-02-03,Strait of Hormuz,gas,9
2026-02-03,Strait of Hormuz,general_cargo,7
2026-02-03,Strait of Hormuz,ro_ro,2
2026-02-04,Strait of Hormuz,tanker,42
2026-02-04,Strait of Hormuz,dry_bulk,15
2026-02-04,Strait of Hormuz,container,10
2026-02-04,Strait of Hormuz,gas,8
2026-02-04,Strait of Hormuz,general_cargo,6
2026-02-04,Strait of Hormuz,ro_ro,2
2026-02-05,Strait of Hormuz,tanker,43
2026-02-05,Strait of Hormuz,dry_bulk,15
2026-02-05,Strait of Hormuz,container,10
2026-02-05,Strait of Hormuz,gas,7
2026-02-05,Strait of Hormuz,general_cargo,6
2026-02-05,Strait of Hormuz,ro_ro,2
2026-02-06,Strait of Hormuz,tanker,43
2026-02-06,Strait of Hormuz,dry_bulk,17
2026-02-06,Strait of Hormuz,container,11
2026-02-06,Strait of Hormuz,gas,9
2026-02-06,Strait of Hormuz,general_cargo,6
2026-02-06,Strait of Hormuz,ro_ro,2
2026-02-07,Strait of Hormuz,tanker,38
2026-02-07,Strait of Hormuz,dry_bulk,18
2026-02-07,Strait of Hormuz,container,10
2026-02-07,Strait of Hormuz,gas,7
2026-02-07,Strait of Hormuz,general_cargo,6
2026-02-07,Strait of Hormuz,ro_ro,2
2026-02-08,Strait of Hormuz,tanker,35
2026-02-08,Strait of Hormuz,dry_bulk,16
2026-02-08,Strait of Hormuz,container,10
2026-02-08,Strait of Hormuz,gas,7
2026-02-08,Strait of Hormuz,general_cargo,7
2026-02-08,Strait of Hormuz,ro_ro,2
2026-02-09,Strait of Hormuz,tanker,37
2026-02-09,Strait of Hormuz,dry_bulk,18
2026-02-09,Strait of Hormuz,container,11
2026-02-09,Strait of Hormuz,gas,8
2026-02-09,Strait of Hormuz,general_cargo,7
2026-02-09,Strait of Hormuz,ro_ro,2
2026-02-10,Strait of Hormuz,tanker,42
2026-02-10,Strait of Hormuz,dry_bulk,15
2026-02-10,Strait of Hormuz,container,11
2026-02-10,Strait of Hormuz,gas,9
2026-02-10,Strait of Hormuz,general_cargo,6
2026-02-10,Strait of Hormuz,ro_ro,2
2026-02-11,Strait of Hormuz,tanker,43
2026-02-11,Strait of Hormuz,dry_bulk,16
2026-02-11,Strait of Hormuz,container,9
2026-02-11,Strait of Hormuz,gas,7
2026-02-11,Strait of Hormuz,general_cargo,7
2026-02-11,Strait of Hormuz,ro_ro,2
2026-02-12,Strait of Hormuz,tanker,43
2026-02-12,Strait of Hormuz,dry_bulk,15
2026-02-12,Strait of Hormuz,container,12
2026-02-12,Strait of Hormuz,gas,8
2026-02-12,Strait of Hormuz,general_cargo,7
2026-02-12,Strait of Hormuz,ro_ro,2
2026-02-13,Strait of Hormuz,tanker,43
2026-02-13,Strait of Hormuz,dry_bulk,17
2026-02-13,Strait of Hormuz,container,10
2026-02-13,Strait of Hormuz,gas,9
2026-02-13,Strait of Hormuz,general_cargo,6
2026-02-13,Strait of Hormuz,ro_ro,2
2026-02-14,Strait of Hormuz,tanker,43
2026-02-14,Strait of Hormuz,dry_bulk,16
2026-02-14,Strait of Hormuz,container,12
2026-02-14,Strait of Hormuz,gas,7
2026-02-14,Strait of Hormuz,general_cargo,5
2026-02-14,Strait of Hormuz,ro_ro,2
2026-02-15,Strait of Hormuz,tanker,43
2026-02-15,Strait of Hormuz,dry_bulk,16
2026-02-15,Strait of Hormuz,container,10
2026-02-15,Strait of Hormuz,gas,7
2026-02-15,Strait of Hormuz,general_cargo,6
2026-02-15,Strait of Hormuz,ro_ro,2
2026-02-16,Strait of Hormuz,tanker,47
2026-02-16,Strait of Hormuz,dry_bulk,20
2026-02-16,Strait of Hormuz,container,11
2026-02-16,Strait of Hormuz,gas,9
2026-02-16,Strait of Hormuz,general_cargo,6
2026-02-16,Strait of Hormuz,ro_ro,2
2026-02-17,Strait of Hormuz,tanker,40
2026-02-17,Strait of Hormuz,dry_bulk,14
2026-02-17,Strait of Hormuz,container,9
2026-02-17,Strait of Hormuz,gas,10
2026-02-17,Strait of Hormuz,general_cargo,7
2026-02-17,Strait of Hormuz,ro_ro,2
2026-02-18,Strait of Hormuz,tanker,41
2026-02-18,Strait of Hormuz,dry_bulk,16
2026-02-18,Strait of Hormuz,container,12
2026-02-18,Strait of Hormuz,gas,8
2026-02-18,Strait of Hormuz,general_cargo,7
2026-02-18,Strait of Hormuz,ro_ro,2
2026-02-19,Strait of Hormuz,tanker,41
2026-02-19,Strait of Hormuz,dry_bulk,14
2026-02-19,Strait of Hormuz,container,9
2026-02-19,Strait of Hormuz,gas,8
2026-02-19,Strait of Hormuz,general_cargo,6
2026-02-19,Strait of Hormuz,ro_ro,2
2026-02-20,Strait of Hormuz,tanker,42
2026-02-20,Strait of Hormuz,dry_bulk,16
2026-02-20,Strait of Hormuz,container,9
2026-02-20,Strait of Hormuz,gas,8
2026-02-20,Strait of Hormuz,general_cargo,7
2026-02-20,Strait of Hormuz,ro_ro,2
2026-02-21,Strait of Hormuz,tanker,36
2026-02-21,Strait of Hormuz,dry_bulk,15
2026-02-21,Strait of Hormuz,container,11
2026-02-21,Strait of Hormuz,gas,9
2026-02-21,Strait of Hormuz,general_cargo,6
2026-02-21,Strait of Hormuz,ro_ro,2
2026-02-22,Strait of Hormuz,tanker,38
2026-02-22,Strait of Hormuz,dry_bulk,16
2026-02-22,Strait of Hormuz,container,10
2026-02-22,Strait of Hormuz,gas,9
2026-02-22,Strait of Hormuz,general_cargo,6
2026-02-22,Strait of Hormuz,ro_ro,2
2026-02-23,Strait of Hormuz,tanker,43
2026-02-23,Strait of Hormuz,dry_bulk,17
2026-02-23,Strait of Hormuz,container,11
2026-02-23,Strait of Hormuz,gas,8
2026-02-23,Strait of Hormuz,general_cargo,5
2026-02-23,Strait of Hormuz,ro_ro,2
2026-02-24,Strait of Hormuz,tanker,44
2026-02-24,Strait of Hormuz,dry_bulk,14
2026-02-24,Strait of Hormuz,container,10
2026-02-24,Strait of Hormuz,gas,9
2026-02-24,Strait of Hormuz,general_cargo,6
2026-02-24,Strait of Hormuz,ro_ro,2
2026-02-25,Strait of Hormuz,tanker,48
2026-02-25,Strait of Hormuz,dry_bulk,14
2026-02-25,Strait of Hormuz,container,10
2026-02-25,Strait of Hormuz,gas,9
2026-02-25,Strait of Hormuz,general_cargo,7
2026-02-25,Strait of Hormuz,ro_ro,2
2026-02-26,Strait of Hormuz,tanker,46
2026-02-26,Strait of Hormuz,dry_bulk,16
2026-02-26,Strait of Hormuz,container,11
2026-02-26,Strait of Hormuz,gas,8
2026-02-26,Strait of Hormuz,general_cargo,6
2026-02-26,Strait of Hormuz,ro_ro,2
2026-02-27,Strait of Hormuz,tanker,44
2026-02-27,Strait of Hormuz,dry_bulk,17
2026-02-27,Strait of Hormuz,container,11
2026-02-27,Strait of Hormuz,gas,9
2026-02-27,Strait of Hormuz,general_cargo,6
2026-02-27,Strait of Hormuz,ro_ro,2
2026-02-28,Strait of Hormuz,tanker,40
2026-02-28,Strait of Hormuz,dry_bulk,15
2026-02-28,Strait of Hormuz,container,12
2026-02-28,Strait of Hormuz,gas,8
2026-02-28,Strait of Hormuz,general_cargo,6
2026-02-28,Strait of Hormuz,ro_ro,2
2026-03-01,Strait of Hormuz,tanker,41
2026-03-01,Strait of Hormuz,dry_bulk,18
2026-03-01,Strait of Hormuz,container,10
2026-03-01,Strait of Hormuz,gas,8
2026-03-01,Strait of Hormuz,general_cargo,6
2026-03-01,Strait of Hormuz,ro_ro,2
2026-03-02,Strait of Hormuz,tanker,44
2026-03-02,Strait of Hormuz,dry_bulk,17
2026-03-02,Strait of Hormuz,container,11
2026-03-02,Strait of Hormuz,gas,10
2026-03-02,Strait of Hormuz,general_cargo,6
2026-03-02,Strait of Hormuz,ro_ro,2
2026-03-03,Strait of Hormuz,tanker,53
2026-03-03,Strait of Hormuz,dry_bulk,17
2026-03-03,Strait of Hormuz,container,10
2026-03-03,Strait of Hormuz,gas,8
2026-03-03,Strait of Hormuz,general_cargo,6
2026-03-03,Strait of Hormuz,ro_ro,2
2026-03-04,Strait of Hormuz,tanker,41
2026-03-04,Strait of Hormuz,dry_bulk,16
2026-03-04,Strait of Hormuz,container,11
2026-03-04,Strait of Hormuz,gas,9
2026-03-04,Strait of Hormuz,general_cargo,6
2026-03-04,Strait of Hormuz,ro_ro,2
2026-03-05,Strait of Hormuz,tanker,44
2026-03-05,Strait of Hormuz,dry_bulk,17
2026-03-05,Strait of Hormuz,container,11
2026-03-05,Strait of Hormuz,gas,8
2026-03-05,Strait of Hormuz,general_cargo,7
2026-03-05,Strait of Hormuz,ro_ro,2
2026-03-06,Strait of Hormuz,tanker,41
2026-03-06,Strait of Hormuz,dry_bulk,15
2026-03-06,Strait of Hormuz,container,12
2026-03-06,Strait of Hormuz,gas,9
2026-03-06,Strait of Hormuz,general_cargo,7
2026-03-06,Strait of Hormuz,ro_ro,2
2026-03-07,Strait of Hormuz,tanker,51
2026-03-07,Strait of Hormuz,dry_bulk,13
2026-03-07,Strait of Hormuz,container,10
2026-03-07,Strait of Hormuz,gas,8
2026-03-07,Strait of Hormuz,general_cargo,6
2026-03-07,Strait of Hormuz,ro_ro,2
2026-03-08,Strait of Hormuz,tanker,40
2026-03-08,Strait of Hormuz,dry_bulk,14
2026-03-08,Strait of Hormuz,container,11
2026-03-08,Strait of Hormuz,gas,8
2026-03-08,Strait of Hormuz,general_cargo,6
2026-03-08,Strait of Hormuz,ro_ro,2
2026-03-09,Strait of Hormuz,tanker,45
2026-03-09,Strait of Hormuz,dry_bulk,16
2026-03-09,Strait of Hormuz,container,13
2026-03-09,Strait of Hormuz,gas,9
2026-03-09,Strait of Hormuz,general_cargo,5
2026-03-09,Strait of Hormuz,ro_ro,2
2026-03-10,Strait of Hormuz,tanker,36
2026-03-10,Strait of Hormuz,dry_bulk,16
2026-03-10,Strait of Hormuz,container,11
2026-03-10,Strait of Hormuz,gas,8
2026-03-10,Strait of Hormuz,general_cargo,8
2026-03-10,Strait of Hormuz,ro_ro,2
2026-03-11,Strait of Hormuz,tanker,46
2026-03-11,Strait of Hormuz,dry_bulk,15
2026-03-11,Strait of Hormuz,container,10
2026-03-11,Strait of Hormuz,gas,9
2026-03-11,Strait of Hormuz,general_cargo,7
2026-03-11,Strait of Hormuz,ro_ro,2
2026-03-12,Strait of Hormuz,tanker,42
2026-03-12,Strait of Hormuz,dry_bulk,16
2026-03-12,Strait of Hormuz,container,11
2026-03-12,Strait of Hormuz,gas,8
2026-03-12,Strait of Hormuz,general_cargo,6
2026-03-12,Strait of Hormuz,ro_ro,2
2026-03-13,Strait of Hormuz,tanker,43
2026-03-13,Strait of Hormuz,dry_bulk,17
2026-03-13,Strait of Hormuz,container,12
2026-03-13,Strait of Hormuz,gas,8
2026-03-13,Strait of Hormuz,general_cargo,6
2026-03-13,Strait of Hormuz,ro_ro,2
2026-03-14,Strait of Hormuz,tanker,43
2026-03-14,Strait of Hormuz,dry_bulk,15
2026-03-14,Strait of Hormuz,container,11
2026-03-14,Strait of Hormuz,gas,9
2026-03-14,Strait of Hormuz,general_cargo,7
2026-03-14,Strait of Hormuz,ro_ro,2
2026-03-15,Strait of Hormuz,tanker,38
2026-03-15,Strait of Hormuz,dry_bulk,15
2026-03-15,Strait of Hormuz,container,10
2026-03-15,Strait of Hormuz,gas,8
2026-03-15,Strait of Hormuz,general_cargo,6
2026-03-15,Strait of Hormuz,ro_ro,2
2026-03-16,Strait of Hormuz,tanker,43
2026-03-16,Strait of Hormuz,dry_bulk,15
2026-03-16,Strait of Hormuz,container,11
2026-03-16,Strait of Hormuz,gas,8
2026-03-16,Strait of Hormuz,general_cargo,6
2026-03-16,Strait of Hormuz,ro_ro,2
2026-03-17,Strait of Hormuz,tanker,44
2026-03-17,Strait of Hormuz,dry_bulk,17
2026-03-17,Strait of Hormuz,container,13
2026-03-17,Strait of Hormuz,gas,9
2026-03-17,Strait of Hormuz,general_cargo,7
2026-03-17,Strait of Hormuz,ro_ro,2
2026-03-18,Strait of Hormuz,tanker,38
2026-03-18,Strait of Hormuz,dry_bulk,18
2026-03-18,Strait of Hormuz,container,10
2026-03-18,Strait of Hormuz,gas,8
2026-03-18,Strait of Hormuz,general_cargo,6
2026-03-18,Strait of Hormuz,ro_ro,2
2026-03-19,Strait of Hormuz,tanker,40
2026-03-19,Strait of Hormuz,dry_bulk,16
2026-03-19,Strait of Hormuz,container,12
2026-03-19,Strait of Hormuz,gas,8
2026-03-19,Strait of Hormuz,general_cargo,6
2026-03-19,Strait of Hormuz,ro_ro,2
2026-03-20,Strait of Hormuz,tanker,45
2026-03-20,Strait of Hormuz,dry_bulk,15
2026-03-20,Strait of Hormuz,container,9
2026-03-20,Strait of Hormuz,gas,8
2026-03-20,Strait of Hormuz,general_cargo,6
2026-03-20,Strait of Hormuz,ro_ro,2
2026-03-21,Strait of Hormuz,tanker,37
2026-03-21,Strait of Hormuz,dry_bulk,15
2026-03-21,Strait of Hormuz,container,11
2026-03-21,Strait of Hormuz,gas,6
2026-03-21,Strait of Hormuz,general_cargo,7
2026-03-21,Strait of Hormuz,ro_ro,2
2026-03-22,Strait of Hormuz,tanker,42
2026-03-22,Strait of Hormuz,dry_bulk,16
2026-03-22,Strait of Hormuz,container,11
2026-03-22,Strait of Hormuz,gas,9
2026-03-22,Strait of Hormuz,general_cargo,5
2026-03-22,Strait of Hormuz,ro_ro,2
2026-03-23,Strait of Hormuz,tanker,44
2026-03-23,Strait of Hormuz,dry_bulk,16
2026-03-23,Strait of Hormuz,container,11
2026-03-23,Strait of Hormuz,gas,9
2026-03-23,Strait of Hormuz,general_cargo,7
2026-03-23,Strait of Hormuz,ro_ro,2
2026-03-24,Strait of Hormuz,tanker,36
2026-03-24,Strait of Hormuz,dry_bulk,16
2026-03-24,Strait of Hormuz,container,11
2026-03-24,Strait of Hormuz,gas,8
2026-03-24,Strait of Hormuz,general_cargo,7
2026-03-24,Strait of Hormuz,ro_ro,2
2026-03-25,Strait of Hormuz,tanker,44
2026-03-25,Strait of Hormuz,dry_bulk,12
2026-03-25,Strait of Hormuz,container,10
2026-03-25,Strait of Hormuz,gas,10
2026-03-25,Strait of Hormuz,general_cargo,6
2026-03-25,Strait of Hormuz,ro_ro,2
2026-03-26,Strait of Hormuz,tanker,48
2026-03-26,Strait of Hormuz,dry_bulk,16
2026-03-26,Strait of Hormuz,container,12
2026-03-26,Strait of Hormuz,gas,9
2026-03-26,Strait of Hormuz,general_cargo,7
2026-03-26,Strait of Hormuz,ro_ro,2
2026-03-27,Strait of Hormuz,tanker,46
2026-03-27,Strait of Hormuz,dry_bulk,20
2026-03-27,Strait of Hormuz,container,12
2026-03-27,Strait of Hormuz,gas,7
2026-03-27,Strait of Hormuz,general_cargo,7
2026-03-27,Strait of Hormuz,ro_ro,2
2026-03-28,Strait of Hormuz,tanker,45
2026-03-28,Strait of Hormuz,dry_bulk,15
2026-03-28,Strait of Hormuz,container,11
2026-03-28,Strait of Hormuz,gas,9
2026-03-28,Strait of Hormuz,general_cargo,8
2026-03-28,Strait of Hormuz,ro_ro,2
2026-03-29,Strait of Hormuz,tanker,39
2026-03-29,Strait of Hormuz,dry_bulk,15
2026-03-29,Strait of Hormuz,container,10
2026-03-29,Strait of Hormuz,gas,8
2026-03-29,Strait of Hormuz,general_cargo,5
2026-03-29,Strait of Hormuz,ro_ro,2
2026-03-30,Strait of Hormuz,tanker,45
2026-03-30,Strait of Hormuz,dry_bulk,15
2026-03-30,Strait of Hormuz,container,13
2026-03-30,Strait of Hormuz,gas,9
2026-03-30,Strait of Hormuz,general_cargo,7
2026-03-30,Strait of Hormuz,ro_ro,2
2026-03-31,Strait of Hormuz,tanker,46
2026-03-31,Strait of Hormuz,dry_bulk,17
2026-03-31,Strait of Hormuz,container,12
2026-03-31,Strait of Hormuz,gas,9
2026-03-31,Strait of Hormuz,general_cargo,7
2026-03-31,Strait of Hormuz,ro_ro,2
2026-04-01,Strait of Hormuz,tanker,42
2026-04-01,Strait of Hormuz,dry_bulk,17
2026-04-01,Strait of Hormuz,container,13
2026-04-01,Strait of Hormuz,gas,8
2026-04-01,Strait of Hormuz,general_cargo,7
2026-04-01,Strait of Hormuz,ro_ro,2
2026-04-02,Strait of Hormuz,tanker,48
2026-04-02,Strait of Hormuz,dry_bulk,16
2026-04-02,Strait of Hormuz,container,8
2026-04-02,Strait of Hormuz,gas,9
2026-04-02,Strait of Hormuz,general_cargo,5
2026-04-02,Strait of Hormuz,ro_ro,2
2026-04-03,Strait of Hormuz,tanker,44
2026-04-03,Strait of Hormuz,dry_bulk,18
2026-04-03,Strait of Hormuz,container,10
2026-04-03,Strait of Hormuz,gas,7
2026-04-03,Strait of Hormuz,general_cargo,7
2026-04-03,Strait of Hormuz,ro_ro,2
2026-04-04,Strait of Hormuz,tanker,39
2026-04-04,Strait of Hormuz,dry_bulk,16
2026-04-04,Strait of Hormuz,container,13
2026-04-04,Strait of Hormuz,gas,9
2026-04-04,Strait of Hormuz,general_cargo,7
2026-04-04,Strait of Hormuz,ro_ro,2
2026-04-05,Strait of Hormuz,tanker,46
2026-04-05,Strait of Hormuz,dry_bulk,15
2026-04-05,Strait of Hormuz,container,8
2026-04-05,Strait of Hormuz,gas,8
2026-04-05,Strait of Hormuz,general_cargo,7
2026-04-05,Strait of Hormuz,ro_ro,2
2026-04-06,Strait of Hormuz,tanker,43
2026-04-06,Strait of Hormuz,dry_bulk,15
2026-04-06,Strait of Hormuz,container,12
2026-04-06,Strait of Hormuz,gas,9
2026-04-06,Strait of Hormuz,general_cargo,7
2026-04-06,Strait of Hormuz,ro_ro,2
2026-04-07,Strait of Hormuz,tanker,43
2026-04-07,Strait of Hormuz,dry_bulk,16
2026-04-07,Strait of Hormuz,container,10
2026-04-07,Strait of Hormuz,gas,7
2026-04-07,Strait of Hormuz,general_cargo,7
2026-04-07,Strait of Hormuz,ro_ro,2
2026-04-08,Strait of Hormuz,tanker,48
2026-04-08,Strait of Hormuz,dry_bulk,18
2026-04-08,Strait of Hormuz,container,12
2026-04-08,Strait of Hormuz,gas,8
2026-04-08,Strait of Hormuz,general_cargo,6
2026-04-08,Strait of Hormuz,ro_ro,2
2026-04-09,Strait of Hormuz,tanker,53
2026-04-09,Strait of Hormuz,dry_bulk,18
2026-04-09,Strait of Hormuz,container,12
2026-04-09,Strait of Hormuz,gas,8
2026-04-09,Strait of Hormuz,general_cargo,6
2026-04-09,Strait of Hormuz,ro_ro,2
2026-04-10,Strait of Hormuz,tanker,39
2026-04-10,Strait of Hormuz,dry_bulk,16
2026-04-10,Strait of Hormuz,container,11
2026-04-10,Strait of Hormuz,gas,10
2026-04-10,Strait of Hormuz,general_cargo,6
2026-04-10,Strait of Hormuz,ro_ro,2
2026-04-11,Strait of Hormuz,tanker,43
2026-04-11,Strait of Hormuz,dry_bulk,14
2026-04-11,Strait of Hormuz,container,10
2026-04-11,Strait of Hormuz,gas,8
2026-04-11,Strait of Hormuz,general_cargo,6
2026-04-11,Strait of Hormuz,ro_ro,2
2026-04-12,Strait of Hormuz,tanker,35
2026-04-12,Strait of Hormuz,dry_bulk,15
2026-04-12,Strait of Hormuz,container,11
2026-04-12,Strait of Hormuz,gas,8
2026-04-12,Strait of Hormuz,general_cargo,5
2026-04-12,Strait of Hormuz,ro_ro,2
2026-04-13,Strait of Hormuz,tanker,47
2026-04-13,Strait of Hormuz,dry_bulk,16
2026-04-13,Strait of Hormuz,container,9
2026-04-13,Strait of Hormuz,gas,9
2026-04-13,Strait of Hormuz,general_cargo,6
2026-04-13,Strait of Hormuz,ro_ro,2
2026-04-14,Strait of Hormuz,tanker,40
2026-04-14,Strait of Hormuz,dry_bulk,14
2026-04-14,Strait of Hormuz,container,10
2026-04-14,Strait of Hormuz,gas,8
2026-04-14,Strait of Hormuz,general_cargo,6
2026-04-14,Strait of Hormuz,ro_ro,2
2026-04-15,Strait of Hormuz,tanker,41
2026-04-15,Strait of Hormuz,dry_bulk,18
2026-04-15,Strait of Hormuz,container,11
2026-04-15,Strait of Hormuz,gas,8
2026-04-15,Strait of Hormuz,general_cargo,6
2026-04-15,Strait of Hormuz,ro_ro,2
